rows,mode,workload,engine,block,run,elapsed_ms,cpu_ms,output_rows,validated
10000000,memory,filter_project,duckdb,1,1,17.576417,49.739,1980090,True
10000000,memory,filter_project,duckdb,1,2,11.504084,34.355,1980090,True
10000000,memory,filter_project,duckdb,1,3,11.276125,33.651,1980090,True
10000000,memory,filter_project,duckdb,1,4,11.10625,32.979,1980090,True
10000000,memory,filter_project,duckdb,1,5,11.174209,33.271,1980090,True
10000000,memory,filter_project,pandas,1,1,25.413708,25.381,1980090,True
10000000,memory,filter_project,pandas,1,2,15.19975,15.175,1980090,True
10000000,memory,filter_project,pandas,1,3,15.443875,15.403,1980090,True
10000000,memory,filter_project,pandas,1,4,15.336834,15.32,1980090,True
10000000,memory,filter_project,pandas,1,5,15.348167,15.333,1980090,True
1000000,parquet,join_groupby,duckdb,1,1,8.466334,21.063,200,True
1000000,parquet,join_groupby,duckdb,1,2,8.214458,20.451,200,True
1000000,parquet,join_groupby,duckdb,1,3,8.310792,21.022,200,True
1000000,parquet,join_groupby,duckdb,1,4,7.943625,21.547,200,True
1000000,parquet,join_groupby,duckdb,1,5,8.497666,20.672,200,True
1000000,parquet,join_groupby,pandas,1,1,33.390334,42.267,200,True
1000000,parquet,join_groupby,pandas,1,2,32.307333,40.786,200,True
1000000,parquet,join_groupby,pandas,1,3,31.913583,40.169,200,True
1000000,parquet,join_groupby,pandas,1,4,35.414,44.869,200,True
1000000,parquet,join_groupby,pandas,1,5,33.480084,41.546,200,True
10000000,parquet,clean_derive,duckdb,1,1,67.72675,232.932,10000000,True
10000000,parquet,clean_derive,duckdb,1,2,68.135167,235.808,10000000,True
10000000,parquet,clean_derive,duckdb,1,3,67.053875,232.197,10000000,True
10000000,parquet,clean_derive,duckdb,1,4,66.405625,230.812,10000000,True
10000000,parquet,clean_derive,duckdb,1,5,66.056833,229.782,10000000,True
10000000,parquet,clean_derive,pandas,1,1,102.525833,230.814,10000000,True
10000000,parquet,clean_derive,pandas,1,2,98.604959,221.224,10000000,True
10000000,parquet,clean_derive,pandas,1,3,100.308166,224.708,10000000,True
10000000,parquet,clean_derive,pandas,1,4,99.961,224.694,10000000,True
10000000,parquet,clean_derive,pandas,1,5,100.330167,224.372,10000000,True
1000000,parquet,groupby,pandas,1,1,13.876292,21.219,50,True
1000000,parquet,groupby,pandas,1,2,11.433708,17.246,50,True
1000000,parquet,groupby,pandas,1,3,11.474625,17.52,50,True
1000000,parquet,groupby,pandas,1,4,12.039792,18.202,50,True
1000000,parquet,groupby,pandas,1,5,11.062958,16.763,50,True
1000000,parquet,groupby,duckdb,1,1,4.367375,12.138,50,True
1000000,parquet,groupby,duckdb,1,2,4.322792,12.315,50,True
1000000,parquet,groupby,duckdb,1,3,4.256334,12.298,50,True
1000000,parquet,groupby,duckdb,1,4,4.519167,12.689,50,True
1000000,parquet,groupby,duckdb,1,5,4.411583,12.493,50,True
10000000,parquet,groupby,pandas,1,1,105.786625,174.353,50,True
10000000,parquet,groupby,pandas,1,2,100.195625,166.479,50,True
10000000,parquet,groupby,pandas,1,3,99.94525,166.128,50,True
10000000,parquet,groupby,pandas,1,4,99.631334,166.04,50,True
10000000,parquet,groupby,pandas,1,5,99.491917,165.875,50,True
10000000,parquet,groupby,duckdb,1,1,29.513417,109.795,50,True
10000000,parquet,groupby,duckdb,1,2,29.438417,109.048,50,True
10000000,parquet,groupby,duckdb,1,3,29.574958,110.419,50,True
10000000,parquet,groupby,duckdb,1,4,28.725042,108.054,50,True
10000000,parquet,groupby,duckdb,1,5,28.778917,107.647,50,True
10000000,memory,clean_derive,duckdb,1,1,39.547459,118.018,10000000,True
10000000,memory,clean_derive,duckdb,1,2,39.031333,116.904,10000000,True
10000000,memory,clean_derive,duckdb,1,3,37.111042,115.274,10000000,True
10000000,memory,clean_derive,duckdb,1,4,41.830167,120.018,10000000,True
10000000,memory,clean_derive,duckdb,1,5,38.722959,117.403,10000000,True
10000000,memory,clean_derive,pandas,1,1,29.15775,29.154,10000000,True
10000000,memory,clean_derive,pandas,1,2,28.867209,28.833,10000000,True
10000000,memory,clean_derive,pandas,1,3,29.391875,29.367,10000000,True
10000000,memory,clean_derive,pandas,1,4,31.055416,31.011,10000000,True
10000000,memory,clean_derive,pandas,1,5,29.123542,29.042,10000000,True
100000,parquet,clean_derive,duckdb,1,1,3.358791,3.321,100000,True
100000,parquet,clean_derive,duckdb,1,2,3.248,3.26,100000,True
100000,parquet,clean_derive,duckdb,1,3,2.964291,3.042,100000,True
100000,parquet,clean_derive,duckdb,1,4,3.109875,3.143,100000,True
100000,parquet,clean_derive,duckdb,1,5,3.117417,3.152,100000,True
100000,parquet,clean_derive,pandas,1,1,2.593167,3.626,100000,True
100000,parquet,clean_derive,pandas,1,2,2.362167,3.355,100000,True
100000,parquet,clean_derive,pandas,1,3,2.381083,3.263,100000,True
100000,parquet,clean_derive,pandas,1,4,2.3105,3.345,100000,True
100000,parquet,clean_derive,pandas,1,5,2.205083,3.133,100000,True
100000,parquet,filter_project,pandas,1,1,2.963292,3.757,19886,True
100000,parquet,filter_project,pandas,1,2,2.934333,3.766,19886,True
100000,parquet,filter_project,pandas,1,3,2.692125,3.444,19886,True
100000,parquet,filter_project,pandas,1,4,2.817334,3.629,19886,True
100000,parquet,filter_project,pandas,1,5,3.128167,3.89,19886,True
100000,parquet,filter_project,duckdb,1,1,2.715458,2.767,19886,True
100000,parquet,filter_project,duckdb,1,2,2.678,2.724,19886,True
100000,parquet,filter_project,duckdb,1,3,2.343792,2.377,19886,True
100000,parquet,filter_project,duckdb,1,4,2.164042,2.202,19886,True
100000,parquet,filter_project,duckdb,1,5,2.2525,2.291,19886,True
1000000,memory,filter_project,duckdb,1,1,2.245334,4.823,198279,True
1000000,memory,filter_project,duckdb,1,2,2.281084,4.651,198279,True
1000000,memory,filter_project,duckdb,1,3,2.251125,4.777,198279,True
1000000,memory,filter_project,duckdb,1,4,1.966333,4.402,198279,True
1000000,memory,filter_project,duckdb,1,5,2.497167,4.963,198279,True
1000000,memory,filter_project,pandas,1,1,2.0935,2.104,198279,True
1000000,memory,filter_project,pandas,1,2,2.142167,2.152,198279,True
1000000,memory,filter_project,pandas,1,3,2.404458,2.416,198279,True
1000000,memory,filter_project,pandas,1,4,1.768125,1.773,198279,True
1000000,memory,filter_project,pandas,1,5,1.9225,1.932,198279,True
1000000,parquet,clean_derive,duckdb,1,1,8.57025,24.328,1000000,True
1000000,parquet,clean_derive,duckdb,1,2,9.062917,26.135,1000000,True
1000000,parquet,clean_derive,duckdb,1,3,8.633292,25.197,1000000,True
1000000,parquet,clean_derive,duckdb,1,4,9.627292,26.474,1000000,True
1000000,parquet,clean_derive,duckdb,1,5,8.445292,24.541,1000000,True
1000000,parquet,clean_derive,pandas,1,1,11.69775,27.444,1000000,True
1000000,parquet,clean_derive,pandas,1,2,9.269875,20.379,1000000,True
1000000,parquet,clean_derive,pandas,1,3,9.382792,20.288,1000000,True
1000000,parquet,clean_derive,pandas,1,4,9.650459,20.476,1000000,True
1000000,parquet,clean_derive,pandas,1,5,9.27475,20.145,1000000,True
100000,memory,filter_project,duckdb,1,1,1.0825,1.113,19886,True
100000,memory,filter_project,duckdb,1,2,0.960625,1.009,19886,True
100000,memory,filter_project,duckdb,1,3,1.145083,1.203,19886,True
100000,memory,filter_project,duckdb,1,4,1.3695,1.735,19886,True
100000,memory,filter_project,duckdb,1,5,1.183542,1.574,19886,True
100000,memory,filter_project,pandas,1,1,0.82375,0.832,19886,True
100000,memory,filter_project,pandas,1,2,0.841583,0.845,19886,True
100000,memory,filter_project,pandas,1,3,0.694833,0.704,19886,True
100000,memory,filter_project,pandas,1,4,0.569584,0.578,19886,True
100000,memory,filter_project,pandas,1,5,0.722209,0.731,19886,True
10000000,parquet,filter_project,pandas,1,1,59.430041,217.287,1980090,True
10000000,parquet,filter_project,pandas,1,2,57.199625,210.112,1980090,True
10000000,parquet,filter_project,pandas,1,3,57.84275,209.889,1980090,True
10000000,parquet,filter_project,pandas,1,4,57.663084,210.911,1980090,True
10000000,parquet,filter_project,pandas,1,5,57.345917,210.571,1980090,True
10000000,parquet,filter_project,duckdb,1,1,47.145959,170.137,1980090,True
10000000,parquet,filter_project,duckdb,1,2,47.461833,173.412,1980090,True
10000000,parquet,filter_project,duckdb,1,3,47.203334,171.753,1980090,True
10000000,parquet,filter_project,duckdb,1,4,47.360042,173.728,1980090,True
10000000,parquet,filter_project,duckdb,1,5,49.418166,179.511,1980090,True
100000,memory,clean_derive,duckdb,1,1,2.268791,3.539,100000,True
100000,memory,clean_derive,duckdb,1,2,2.05425,3.097,100000,True
100000,memory,clean_derive,duckdb,1,3,2.014583,3.063,100000,True
100000,memory,clean_derive,duckdb,1,4,2.272625,2.324,100000,True
100000,memory,clean_derive,duckdb,1,5,2.28225,2.333,100000,True
100000,memory,clean_derive,pandas,1,1,0.806292,0.818,100000,True
100000,memory,clean_derive,pandas,1,2,0.870417,0.879,100000,True
100000,memory,clean_derive,pandas,1,3,0.788625,0.777,100000,True
100000,memory,clean_derive,pandas,1,4,0.675417,0.682,100000,True
100000,memory,clean_derive,pandas,1,5,0.904292,0.912,100000,True
100000,parquet,groupby,duckdb,1,1,2.173834,2.238,50,True
100000,parquet,groupby,duckdb,1,2,1.910125,2.014,50,True
100000,parquet,groupby,duckdb,1,3,1.863542,1.989,50,True
100000,parquet,groupby,duckdb,1,4,2.026584,2.108,50,True
100000,parquet,groupby,duckdb,1,5,1.794917,1.854,50,True
100000,parquet,groupby,pandas,1,1,4.403917,4.976,50,True
100000,parquet,groupby,pandas,1,2,4.07575,4.481,50,True
100000,parquet,groupby,pandas,1,3,3.637083,4.018,50,True
100000,parquet,groupby,pandas,1,4,3.6105,4.003,50,True
100000,parquet,groupby,pandas,1,5,3.64925,3.989,50,True
1000000,memory,join_groupby,pandas,1,1,29.966,29.953,200,True
1000000,memory,join_groupby,pandas,1,2,29.164958,29.107,200,True
1000000,memory,join_groupby,pandas,1,3,29.823125,29.771,200,True
1000000,memory,join_groupby,pandas,1,4,27.869375,27.86,200,True
1000000,memory,join_groupby,pandas,1,5,28.119375,28.104,200,True
1000000,memory,join_groupby,duckdb,1,1,6.944167,18.081,200,True
1000000,memory,join_groupby,duckdb,1,2,7.603041,18.647,200,True
1000000,memory,join_groupby,duckdb,1,3,7.951375,19.511,200,True
1000000,memory,join_groupby,duckdb,1,4,7.369667,19.332,200,True
1000000,memory,join_groupby,duckdb,1,5,7.143667,18.833,200,True
100000,parquet,join_groupby,duckdb,1,1,5.119459,5.728,200,True
100000,parquet,join_groupby,duckdb,1,2,4.798708,5.35,200,True
100000,parquet,join_groupby,duckdb,1,3,4.726083,4.909,200,True
100000,parquet,join_groupby,duckdb,1,4,4.64525,6.555,200,True
100000,parquet,join_groupby,duckdb,1,5,4.765792,4.881,200,True
100000,parquet,join_groupby,pandas,1,1,7.597958,8.442,200,True
100000,parquet,join_groupby,pandas,1,2,7.917791,8.745,200,True
100000,parquet,join_groupby,pandas,1,3,7.996167,8.864,200,True
100000,parquet,join_groupby,pandas,1,4,7.692875,8.543,200,True
100000,parquet,join_groupby,pandas,1,5,7.20025,7.99,200,True
1000000,parquet,filter_project,pandas,1,1,8.663292,24.915,198279,True
1000000,parquet,filter_project,pandas,1,2,8.307084,23.546,198279,True
1000000,parquet,filter_project,pandas,1,3,7.529667,21.908,198279,True
1000000,parquet,filter_project,pandas,1,4,7.731625,22.892,198279,True
1000000,parquet,filter_project,pandas,1,5,7.504667,22.431,198279,True
1000000,parquet,filter_project,duckdb,1,1,6.792792,19.813,198279,True
1000000,parquet,filter_project,duckdb,1,2,6.354041,18.868,198279,True
1000000,parquet,filter_project,duckdb,1,3,6.16225,19.676,198279,True
1000000,parquet,filter_project,duckdb,1,4,6.575417,20.417,198279,True
1000000,parquet,filter_project,duckdb,1,5,6.581625,19.155,198279,True
1000000,memory,groupby,pandas,1,1,8.652875,8.65,50,True
1000000,memory,groupby,pandas,1,2,8.241541,8.24,50,True
1000000,memory,groupby,pandas,1,3,8.082167,8.063,50,True
1000000,memory,groupby,pandas,1,4,8.211042,8.209,50,True
1000000,memory,groupby,pandas,1,5,8.190791,8.192,50,True
1000000,memory,groupby,duckdb,1,1,2.649958,7.46,50,True
1000000,memory,groupby,duckdb,1,2,2.622917,7.281,50,True
1000000,memory,groupby,duckdb,1,3,2.6255,6.81,50,True
1000000,memory,groupby,duckdb,1,4,2.527042,7.039,50,True
1000000,memory,groupby,duckdb,1,5,2.962875,7.951,50,True
10000000,memory,join_groupby,duckdb,1,1,37.97325,142.812,200,True
10000000,memory,join_groupby,duckdb,1,2,37.540584,140.708,200,True
10000000,memory,join_groupby,duckdb,1,3,37.175417,139.053,200,True
10000000,memory,join_groupby,duckdb,1,4,39.107125,147.594,200,True
10000000,memory,join_groupby,duckdb,1,5,38.103459,143.417,200,True
10000000,memory,join_groupby,pandas,1,1,464.181,411.233,200,True
10000000,memory,join_groupby,pandas,1,2,244.632,244.034,200,True
10000000,memory,join_groupby,pandas,1,3,297.552,296.912,200,True
10000000,memory,join_groupby,pandas,1,4,372.97075,323.348,200,True
10000000,memory,join_groupby,pandas,1,5,489.459584,362.641,200,True
10000000,parquet,join_groupby,pandas,1,1,318.907,407.89,200,True
10000000,parquet,join_groupby,pandas,1,2,336.231792,425.628,200,True
10000000,parquet,join_groupby,pandas,1,3,419.753625,477.927,200,True
10000000,parquet,join_groupby,pandas,1,4,415.909625,465.895,200,True
10000000,parquet,join_groupby,pandas,1,5,412.896583,454.726,200,True
10000000,parquet,join_groupby,duckdb,1,1,45.734834,167.732,200,True
10000000,parquet,join_groupby,duckdb,1,2,45.136541,167.46,200,True
10000000,parquet,join_groupby,duckdb,1,3,44.675375,165.671,200,True
10000000,parquet,join_groupby,duckdb,1,4,45.297667,166.928,200,True
10000000,parquet,join_groupby,duckdb,1,5,45.636375,168.442,200,True
10000000,memory,groupby,pandas,1,1,65.792083,65.716,50,True
10000000,memory,groupby,pandas,1,2,67.668458,67.651,50,True
10000000,memory,groupby,pandas,1,3,67.109125,66.986,50,True
10000000,memory,groupby,pandas,1,4,63.716417,63.579,50,True
10000000,memory,groupby,pandas,1,5,63.3985,63.286,50,True
10000000,memory,groupby,duckdb,1,1,13.85,52.111,50,True
10000000,memory,groupby,duckdb,1,2,13.938542,52.694,50,True
10000000,memory,groupby,duckdb,1,3,14.768042,55.859,50,True
10000000,memory,groupby,duckdb,1,4,13.867833,52.26,50,True
10000000,memory,groupby,duckdb,1,5,14.475458,54.952,50,True
1000000,memory,clean_derive,pandas,1,1,4.108334,4.068,1000000,True
1000000,memory,clean_derive,pandas,1,2,3.531584,3.534,1000000,True
1000000,memory,clean_derive,pandas,1,3,3.44175,3.447,1000000,True
1000000,memory,clean_derive,pandas,1,4,3.451667,3.46,1000000,True
1000000,memory,clean_derive,pandas,1,5,3.403667,3.412,1000000,True
1000000,memory,clean_derive,duckdb,1,1,5.624834,14.735,1000000,True
1000000,memory,clean_derive,duckdb,1,2,5.596709,13.551,1000000,True
1000000,memory,clean_derive,duckdb,1,3,5.888583,14.099,1000000,True
1000000,memory,clean_derive,duckdb,1,4,5.188875,12.841,1000000,True
1000000,memory,clean_derive,duckdb,1,5,5.019958,12.903,1000000,True
100000,memory,groupby,duckdb,1,1,1.509917,1.784,50,True
100000,memory,groupby,duckdb,1,2,1.530875,1.875,50,True
100000,memory,groupby,duckdb,1,3,1.45375,1.788,50,True
100000,memory,groupby,duckdb,1,4,1.29475,1.532,50,True
100000,memory,groupby,duckdb,1,5,1.7185,2.061,50,True
100000,memory,groupby,pandas,1,1,3.155541,3.163,50,True
100000,memory,groupby,pandas,1,2,2.447333,2.457,50,True
100000,memory,groupby,pandas,1,3,2.820708,2.829,50,True
100000,memory,groupby,pandas,1,4,2.284,2.291,50,True
100000,memory,groupby,pandas,1,5,2.701084,2.71,50,True
100000,memory,join_groupby,duckdb,1,1,4.050875,4.395,200,True
100000,memory,join_groupby,duckdb,1,2,3.983708,5.085,200,True
100000,memory,join_groupby,duckdb,1,3,3.816416,4.206,200,True
100000,memory,join_groupby,duckdb,1,4,4.135625,5.275,200,True
100000,memory,join_groupby,duckdb,1,5,4.022375,4.272,200,True
100000,memory,join_groupby,pandas,1,1,5.897416,5.906,200,True
100000,memory,join_groupby,pandas,1,2,5.653292,5.656,200,True
100000,memory,join_groupby,pandas,1,3,5.427083,5.429,200,True
100000,memory,join_groupby,pandas,1,4,5.015208,5.025,200,True
100000,memory,join_groupby,pandas,1,5,5.131125,5.128,200,True
100000,parquet,groupby,duckdb,2,6,1.956125,2.061,50,True
100000,parquet,groupby,duckdb,2,7,1.81675,1.875,50,True
100000,parquet,groupby,duckdb,2,8,1.666417,1.819,50,True
100000,parquet,groupby,duckdb,2,9,1.699333,1.815,50,True
100000,parquet,groupby,duckdb,2,10,1.784959,1.864,50,True
100000,parquet,groupby,pandas,2,6,4.435833,4.935,50,True
100000,parquet,groupby,pandas,2,7,3.893583,4.406,50,True
100000,parquet,groupby,pandas,2,8,4.1475,4.543,50,True
100000,parquet,groupby,pandas,2,9,3.600084,4.029,50,True
100000,parquet,groupby,pandas,2,10,3.76375,4.148,50,True
1000000,parquet,clean_derive,duckdb,2,6,9.088209,25.731,1000000,True
1000000,parquet,clean_derive,duckdb,2,7,8.881459,27.476,1000000,True
1000000,parquet,clean_derive,duckdb,2,8,8.7365,25.013,1000000,True
1000000,parquet,clean_derive,duckdb,2,9,8.510917,24.656,1000000,True
1000000,parquet,clean_derive,duckdb,2,10,8.366708,23.925,1000000,True
1000000,parquet,clean_derive,pandas,2,6,11.063417,24.082,1000000,True
1000000,parquet,clean_derive,pandas,2,7,9.92,21.271,1000000,True
1000000,parquet,clean_derive,pandas,2,8,9.243125,20.311,1000000,True
1000000,parquet,clean_derive,pandas,2,9,9.49,20.655,1000000,True
1000000,parquet,clean_derive,pandas,2,10,9.559875,20.677,1000000,True
10000000,parquet,groupby,pandas,2,6,101.021458,168.22,50,True
10000000,parquet,groupby,pandas,2,7,97.504917,162.527,50,True
10000000,parquet,groupby,pandas,2,8,93.471417,158.836,50,True
10000000,parquet,groupby,pandas,2,9,93.407542,158.232,50,True
10000000,parquet,groupby,pandas,2,10,95.176958,160.764,50,True
10000000,parquet,groupby,duckdb,2,6,29.635875,109.614,50,True
10000000,parquet,groupby,duckdb,2,7,29.155917,108.182,50,True
10000000,parquet,groupby,duckdb,2,8,28.790167,107.782,50,True
10000000,parquet,groupby,duckdb,2,9,28.539083,107.288,50,True
10000000,parquet,groupby,duckdb,2,10,29.201542,109.01,50,True
10000000,parquet,join_groupby,duckdb,2,6,45.816708,167.703,200,True
10000000,parquet,join_groupby,duckdb,2,7,45.73875,169.053,200,True
10000000,parquet,join_groupby,duckdb,2,8,46.212041,170.173,200,True
10000000,parquet,join_groupby,duckdb,2,9,45.351625,167.777,200,True
10000000,parquet,join_groupby,duckdb,2,10,45.15025,168.171,200,True
10000000,parquet,join_groupby,pandas,2,6,318.941292,408.682,200,True
10000000,parquet,join_groupby,pandas,2,7,321.932208,410.362,200,True
10000000,parquet,join_groupby,pandas,2,8,321.499542,407.923,200,True
10000000,parquet,join_groupby,pandas,2,9,448.426416,461.39,200,True
10000000,parquet,join_groupby,pandas,2,10,326.8775,418.518,200,True
10000000,parquet,clean_derive,duckdb,2,6,67.821583,235.175,10000000,True
10000000,parquet,clean_derive,duckdb,2,7,67.559667,233.553,10000000,True
10000000,parquet,clean_derive,duckdb,2,8,69.550292,234.193,10000000,True
10000000,parquet,clean_derive,duckdb,2,9,66.971,232.584,10000000,True
10000000,parquet,clean_derive,duckdb,2,10,67.138875,230.329,10000000,True
10000000,parquet,clean_derive,pandas,2,6,89.803333,212.442,10000000,True
10000000,parquet,clean_derive,pandas,2,7,89.768708,211.624,10000000,True
10000000,parquet,clean_derive,pandas,2,8,88.426625,207.758,10000000,True
10000000,parquet,clean_derive,pandas,2,9,85.463125,205.23,10000000,True
10000000,parquet,clean_derive,pandas,2,10,84.948375,204.514,10000000,True
100000,parquet,join_groupby,duckdb,2,6,4.77375,5.462,200,True
100000,parquet,join_groupby,duckdb,2,7,5.083,9.199,200,True
100000,parquet,join_groupby,duckdb,2,8,4.788833,5.336,200,True
100000,parquet,join_groupby,duckdb,2,9,4.657583,6.359,200,True
100000,parquet,join_groupby,duckdb,2,10,4.75025,8.647,200,True
100000,parquet,join_groupby,pandas,2,6,7.399667,8.298,200,True
100000,parquet,join_groupby,pandas,2,7,7.32275,8.255,200,True
100000,parquet,join_groupby,pandas,2,8,7.0605,7.883,200,True
100000,parquet,join_groupby,pandas,2,9,7.140041,7.903,200,True
100000,parquet,join_groupby,pandas,2,10,7.065709,7.891,200,True
100000,memory,join_groupby,pandas,2,6,5.115833,5.125,200,True
100000,memory,join_groupby,pandas,2,7,5.71925,5.706,200,True
100000,memory,join_groupby,pandas,2,8,5.065125,5.054,200,True
100000,memory,join_groupby,pandas,2,9,4.745625,4.73,200,True
100000,memory,join_groupby,pandas,2,10,4.770625,4.757,200,True
100000,memory,join_groupby,duckdb,2,6,3.91075,4.172,200,True
100000,memory,join_groupby,duckdb,2,7,3.535167,3.807,200,True
100000,memory,join_groupby,duckdb,2,8,3.837916,4.114,200,True
100000,memory,join_groupby,duckdb,2,9,3.862042,4.133,200,True
100000,memory,join_groupby,duckdb,2,10,3.864959,4.113,200,True
10000000,memory,groupby,duckdb,2,6,14.075625,53.034,50,True
10000000,memory,groupby,duckdb,2,7,15.289541,58.27,50,True
10000000,memory,groupby,duckdb,2,8,14.094709,53.097,50,True
10000000,memory,groupby,duckdb,2,9,14.921167,56.158,50,True
10000000,memory,groupby,duckdb,2,10,14.634625,55.391,50,True
10000000,memory,groupby,pandas,2,6,64.73725,64.631,50,True
10000000,memory,groupby,pandas,2,7,62.515,62.423,50,True
10000000,memory,groupby,pandas,2,8,63.324959,63.204,50,True
10000000,memory,groupby,pandas,2,9,66.35075,66.297,50,True
10000000,memory,groupby,pandas,2,10,64.988791,64.866,50,True
100000,parquet,filter_project,duckdb,2,6,2.31175,2.378,19886,True
100000,parquet,filter_project,duckdb,2,7,2.294875,2.333,19886,True
100000,parquet,filter_project,duckdb,2,8,2.200542,2.237,19886,True
100000,parquet,filter_project,duckdb,2,9,2.366833,2.405,19886,True
100000,parquet,filter_project,duckdb,2,10,2.266833,2.305,19886,True
100000,parquet,filter_project,pandas,2,6,2.940333,3.714,19886,True
100000,parquet,filter_project,pandas,2,7,2.701958,3.473,19886,True
100000,parquet,filter_project,pandas,2,8,2.725209,3.541,19886,True
100000,parquet,filter_project,pandas,2,9,2.567,3.284,19886,True
100000,parquet,filter_project,pandas,2,10,2.367083,3.066,19886,True
1000000,memory,clean_derive,pandas,2,6,3.568042,3.576,1000000,True
1000000,memory,clean_derive,pandas,2,7,3.541666,3.552,1000000,True
1000000,memory,clean_derive,pandas,2,8,3.615833,3.616,1000000,True
1000000,memory,clean_derive,pandas,2,9,3.505417,3.516,1000000,True
1000000,memory,clean_derive,pandas,2,10,3.86325,3.841,1000000,True
1000000,memory,clean_derive,duckdb,2,6,5.3265,13.163,1000000,True
1000000,memory,clean_derive,duckdb,2,7,5.291042,14.033,1000000,True
1000000,memory,clean_derive,duckdb,2,8,5.250542,14.036,1000000,True
1000000,memory,clean_derive,duckdb,2,9,4.85475,13.29,1000000,True
1000000,memory,clean_derive,duckdb,2,10,5.056875,12.823,1000000,True
100000,memory,clean_derive,pandas,2,6,0.99925,1.008,100000,True
100000,memory,clean_derive,pandas,2,7,0.763334,0.772,100000,True
100000,memory,clean_derive,pandas,2,8,0.699542,0.709,100000,True
100000,memory,clean_derive,pandas,2,9,0.865291,0.875,100000,True
100000,memory,clean_derive,pandas,2,10,0.713417,0.721,100000,True
100000,memory,clean_derive,duckdb,2,6,2.313791,3.492,100000,True
100000,memory,clean_derive,duckdb,2,7,1.895042,2.995,100000,True
100000,memory,clean_derive,duckdb,2,8,1.987292,3.067,100000,True
100000,memory,clean_derive,duckdb,2,9,1.908875,1.941,100000,True
100000,memory,clean_derive,duckdb,2,10,1.707583,1.739,100000,True
100000,memory,groupby,duckdb,2,6,1.627458,1.891,50,True
100000,memory,groupby,duckdb,2,7,1.77225,2.039,50,True
100000,memory,groupby,duckdb,2,8,1.651333,1.873,50,True
100000,memory,groupby,duckdb,2,9,1.499708,1.828,50,True
100000,memory,groupby,duckdb,2,10,1.542833,1.81,50,True
100000,memory,groupby,pandas,2,6,2.33825,2.347,50,True
100000,memory,groupby,pandas,2,7,2.179834,2.191,50,True
100000,memory,groupby,pandas,2,8,2.162958,2.17,50,True
100000,memory,groupby,pandas,2,9,2.684625,2.675,50,True
100000,memory,groupby,pandas,2,10,2.038333,2.047,50,True
1000000,parquet,join_groupby,duckdb,2,6,8.464375,22.92,200,True
1000000,parquet,join_groupby,duckdb,2,7,8.135333,20.702,200,True
1000000,parquet,join_groupby,duckdb,2,8,8.482417,23.228,200,True
1000000,parquet,join_groupby,duckdb,2,9,7.858208,20.207,200,True
1000000,parquet,join_groupby,duckdb,2,10,8.396208,23.747,200,True
1000000,parquet,join_groupby,pandas,2,6,31.99675,40.786,200,True
1000000,parquet,join_groupby,pandas,2,7,35.496042,44.556,200,True
1000000,parquet,join_groupby,pandas,2,8,32.661583,41.262,200,True
1000000,parquet,join_groupby,pandas,2,9,33.229875,42.988,200,True
1000000,parquet,join_groupby,pandas,2,10,32.40225,40.351,200,True
1000000,memory,join_groupby,pandas,2,6,27.534708,27.474,200,True
1000000,memory,join_groupby,pandas,2,7,26.575916,26.518,200,True
1000000,memory,join_groupby,pandas,2,8,27.518417,27.495,200,True
1000000,memory,join_groupby,pandas,2,9,26.623375,26.614,200,True
1000000,memory,join_groupby,pandas,2,10,26.976459,26.922,200,True
1000000,memory,join_groupby,duckdb,2,6,6.987417,17.3,200,True
1000000,memory,join_groupby,duckdb,2,7,6.823208,17.441,200,True
1000000,memory,join_groupby,duckdb,2,8,7.131792,18.759,200,True
1000000,memory,join_groupby,duckdb,2,9,7.325916,18.246,200,True
1000000,memory,join_groupby,duckdb,2,10,7.28925,20.177,200,True
10000000,memory,clean_derive,pandas,2,6,33.01475,32.946,10000000,True
10000000,memory,clean_derive,pandas,2,7,32.698166,32.602,10000000,True
10000000,memory,clean_derive,pandas,2,8,28.713291,28.677,10000000,True
10000000,memory,clean_derive,pandas,2,9,30.292375,30.248,10000000,True
10000000,memory,clean_derive,pandas,2,10,28.801209,28.78,10000000,True
10000000,memory,clean_derive,duckdb,2,6,37.642417,116.907,10000000,True
10000000,memory,clean_derive,duckdb,2,7,37.361208,116.87,10000000,True
10000000,memory,clean_derive,duckdb,2,8,38.018083,117.656,10000000,True
10000000,memory,clean_derive,duckdb,2,9,37.459125,116.908,10000000,True
10000000,memory,clean_derive,duckdb,2,10,37.172,116.993,10000000,True
1000000,parquet,groupby,pandas,2,6,13.080167,20.761,50,True
1000000,parquet,groupby,pandas,2,7,12.053875,17.815,50,True
1000000,parquet,groupby,pandas,2,8,11.728958,18.189,50,True
1000000,parquet,groupby,pandas,2,9,11.433291,17.033,50,True
1000000,parquet,groupby,pandas,2,10,11.461583,17.694,50,True
1000000,parquet,groupby,duckdb,2,6,4.378,12.748,50,True
1000000,parquet,groupby,duckdb,2,7,4.192584,12.351,50,True
1000000,parquet,groupby,duckdb,2,8,4.379792,12.603,50,True
1000000,parquet,groupby,duckdb,2,9,4.583917,12.859,50,True
1000000,parquet,groupby,duckdb,2,10,4.304042,12.363,50,True
10000000,memory,join_groupby,pandas,2,6,264.832042,264.023,200,True
10000000,memory,join_groupby,pandas,2,7,267.442542,266.884,200,True
10000000,memory,join_groupby,pandas,2,8,272.0325,271.383,200,True
10000000,memory,join_groupby,pandas,2,9,372.769958,309.545,200,True
10000000,memory,join_groupby,pandas,2,10,279.873333,279.329,200,True
10000000,memory,join_groupby,duckdb,2,6,38.97775,146.146,200,True
10000000,memory,join_groupby,duckdb,2,7,38.920417,146.862,200,True
10000000,memory,join_groupby,duckdb,2,8,37.976875,142.907,200,True
10000000,memory,join_groupby,duckdb,2,9,37.256708,139.572,200,True
10000000,memory,join_groupby,duckdb,2,10,37.01975,139.518,200,True
10000000,parquet,filter_project,duckdb,2,6,47.027083,171.127,1980090,True
10000000,parquet,filter_project,duckdb,2,7,46.881791,171.35,1980090,True
10000000,parquet,filter_project,duckdb,2,8,46.716208,169.92,1980090,True
10000000,parquet,filter_project,duckdb,2,9,53.221084,173.252,1980090,True
10000000,parquet,filter_project,duckdb,2,10,47.024416,171.434,1980090,True
10000000,parquet,filter_project,pandas,2,6,58.271042,213.217,1980090,True
10000000,parquet,filter_project,pandas,2,7,58.563709,211.114,1980090,True
10000000,parquet,filter_project,pandas,2,8,57.2935,210.134,1980090,True
10000000,parquet,filter_project,pandas,2,9,57.141333,207.947,1980090,True
10000000,parquet,filter_project,pandas,2,10,59.444917,215.427,1980090,True
1000000,parquet,filter_project,pandas,2,6,8.279042,23.506,198279,True
1000000,parquet,filter_project,pandas,2,7,7.620541,22.483,198279,True
1000000,parquet,filter_project,pandas,2,8,7.50575,21.943,198279,True
1000000,parquet,filter_project,pandas,2,9,7.411958,21.803,198279,True
1000000,parquet,filter_project,pandas,2,10,8.865,25.025,198279,True
1000000,parquet,filter_project,duckdb,2,6,6.703542,19.516,198279,True
1000000,parquet,filter_project,duckdb,2,7,6.389667,18.586,198279,True
1000000,parquet,filter_project,duckdb,2,8,6.090416,19.681,198279,True
1000000,parquet,filter_project,duckdb,2,9,6.337041,18.26,198279,True
1000000,parquet,filter_project,duckdb,2,10,6.44325,19.052,198279,True
1000000,memory,filter_project,pandas,2,6,2.211875,2.222,198279,True
1000000,memory,filter_project,pandas,2,7,2.237292,2.244,198279,True
1000000,memory,filter_project,pandas,2,8,2.085709,2.094,198279,True
1000000,memory,filter_project,pandas,2,9,1.945083,1.954,198279,True
1000000,memory,filter_project,pandas,2,10,1.957542,1.966,198279,True
1000000,memory,filter_project,duckdb,2,6,2.068833,4.613,198279,True
1000000,memory,filter_project,duckdb,2,7,2.174625,4.664,198279,True
1000000,memory,filter_project,duckdb,2,8,2.15625,4.731,198279,True
1000000,memory,filter_project,duckdb,2,9,2.188459,4.691,198279,True
1000000,memory,filter_project,duckdb,2,10,2.217334,4.734,198279,True
1000000,memory,groupby,pandas,2,6,8.347458,8.331,50,True
1000000,memory,groupby,pandas,2,7,9.062083,8.991,50,True
1000000,memory,groupby,pandas,2,8,10.152167,9.35,50,True
1000000,memory,groupby,pandas,2,9,8.467291,8.462,50,True
1000000,memory,groupby,pandas,2,10,8.4275,8.414,50,True
1000000,memory,groupby,duckdb,2,6,2.582083,7.14,50,True
1000000,memory,groupby,duckdb,2,7,2.666083,7.29,50,True
1000000,memory,groupby,duckdb,2,8,2.548542,7.441,50,True
1000000,memory,groupby,duckdb,2,9,2.632542,6.978,50,True
1000000,memory,groupby,duckdb,2,10,2.541,6.85,50,True
10000000,memory,filter_project,duckdb,2,6,11.906417,35.797,1980090,True
10000000,memory,filter_project,duckdb,2,7,11.478916,34.043,1980090,True
10000000,memory,filter_project,duckdb,2,8,11.917042,35.141,1980090,True
10000000,memory,filter_project,duckdb,2,9,11.358916,32.326,1980090,True
10000000,memory,filter_project,duckdb,2,10,11.586459,33.898,1980090,True
10000000,memory,filter_project,pandas,2,6,15.410042,15.405,1980090,True
10000000,memory,filter_project,pandas,2,7,15.004083,14.993,1980090,True
10000000,memory,filter_project,pandas,2,8,15.21825,15.209,1980090,True
10000000,memory,filter_project,pandas,2,9,14.483292,14.478,1980090,True
10000000,memory,filter_project,pandas,2,10,15.032459,15.006,1980090,True
100000,memory,filter_project,pandas,2,6,0.770625,0.78,19886,True
100000,memory,filter_project,pandas,2,7,0.688375,0.697,19886,True
100000,memory,filter_project,pandas,2,8,0.655583,0.664,19886,True
100000,memory,filter_project,pandas,2,9,0.596875,0.604,19886,True
100000,memory,filter_project,pandas,2,10,0.634709,0.644,19886,True
100000,memory,filter_project,duckdb,2,6,1.147125,1.474,19886,True
100000,memory,filter_project,duckdb,2,7,1.144042,1.189,19886,True
100000,memory,filter_project,duckdb,2,8,1.208375,1.517,19886,True
100000,memory,filter_project,duckdb,2,9,1.052916,1.11,19886,True
100000,memory,filter_project,duckdb,2,10,0.688292,0.717,19886,True
100000,parquet,clean_derive,pandas,2,6,2.344125,3.396,100000,True
100000,parquet,clean_derive,pandas,2,7,2.197166,3.177,100000,True
100000,parquet,clean_derive,pandas,2,8,2.389417,3.462,100000,True
100000,parquet,clean_derive,pandas,2,9,2.277875,3.216,100000,True
100000,parquet,clean_derive,pandas,2,10,2.338208,3.291,100000,True
100000,parquet,clean_derive,duckdb,2,6,3.147708,3.197,100000,True
100000,parquet,clean_derive,duckdb,2,7,3.024875,3.057,100000,True
100000,parquet,clean_derive,duckdb,2,8,2.88025,2.954,100000,True
100000,parquet,clean_derive,duckdb,2,9,2.908959,2.947,100000,True
100000,parquet,clean_derive,duckdb,2,10,3.046292,3.081,100000,True
10000000,parquet,filter_project,pandas,3,11,57.970792,214.092,1980090,True
10000000,parquet,filter_project,pandas,3,12,56.908542,208.727,1980090,True
10000000,parquet,filter_project,pandas,3,13,58.925625,214.126,1980090,True
10000000,parquet,filter_project,pandas,3,14,59.0,216.78,1980090,True
10000000,parquet,filter_project,pandas,3,15,57.519542,212.868,1980090,True
10000000,parquet,filter_project,duckdb,3,11,47.057708,172.344,1980090,True
10000000,parquet,filter_project,duckdb,3,12,46.459375,168.991,1980090,True
10000000,parquet,filter_project,duckdb,3,13,47.071292,172.171,1980090,True
10000000,parquet,filter_project,duckdb,3,14,46.717291,170.833,1980090,True
10000000,parquet,filter_project,duckdb,3,15,46.995792,171.517,1980090,True
10000000,memory,join_groupby,duckdb,3,11,38.071709,143.178,200,True
10000000,memory,join_groupby,duckdb,3,12,39.320042,147.48,200,True
10000000,memory,join_groupby,duckdb,3,13,40.648417,152.018,200,True
10000000,memory,join_groupby,duckdb,3,14,37.283,140.308,200,True
10000000,memory,join_groupby,duckdb,3,15,38.420208,144.087,200,True
10000000,memory,join_groupby,pandas,3,11,276.700083,276.109,200,True
10000000,memory,join_groupby,pandas,3,12,271.991334,271.324,200,True
10000000,memory,join_groupby,pandas,3,13,275.033458,274.515,200,True
10000000,memory,join_groupby,pandas,3,14,330.093917,293.824,200,True
10000000,memory,join_groupby,pandas,3,15,301.10875,297.073,200,True
100000,parquet,join_groupby,duckdb,3,11,4.686,6.57,200,True
100000,parquet,join_groupby,duckdb,3,12,4.432292,4.57,200,True
100000,parquet,join_groupby,duckdb,3,13,4.527708,4.701,200,True
100000,parquet,join_groupby,duckdb,3,14,4.682917,5.243,200,True
100000,parquet,join_groupby,duckdb,3,15,4.815417,6.814,200,True
100000,parquet,join_groupby,pandas,3,11,7.900292,8.893,200,True
100000,parquet,join_groupby,pandas,3,12,7.327667,8.254,200,True
100000,parquet,join_groupby,pandas,3,13,7.3535,8.213,200,True
100000,parquet,join_groupby,pandas,3,14,6.835333,7.598,200,True
100000,parquet,join_groupby,pandas,3,15,6.888083,7.608,200,True
1000000,parquet,groupby,duckdb,3,11,4.293542,12.36,50,True
1000000,parquet,groupby,duckdb,3,12,4.090333,12.771,50,True
1000000,parquet,groupby,duckdb,3,13,4.087917,11.634,50,True
1000000,parquet,groupby,duckdb,3,14,4.3425,12.3,50,True
1000000,parquet,groupby,duckdb,3,15,4.581542,13.65,50,True
1000000,parquet,groupby,pandas,3,11,14.390625,20.748,50,True
1000000,parquet,groupby,pandas,3,12,14.02075,22.349,50,True
1000000,parquet,groupby,pandas,3,13,12.372583,18.89,50,True
1000000,parquet,groupby,pandas,3,14,13.22725,19.695,50,True
1000000,parquet,groupby,pandas,3,15,13.135167,19.326,50,True
100000,memory,join_groupby,duckdb,3,11,4.550041,4.887,200,True
100000,memory,join_groupby,duckdb,3,12,4.339541,5.581,200,True
100000,memory,join_groupby,duckdb,3,13,4.889916,6.054,200,True
100000,memory,join_groupby,duckdb,3,14,4.364334,4.809,200,True
100000,memory,join_groupby,duckdb,3,15,5.297959,5.378,200,True
100000,memory,join_groupby,pandas,3,11,5.878667,5.88,200,True
100000,memory,join_groupby,pandas,3,12,6.008834,6.007,200,True
100000,memory,join_groupby,pandas,3,13,5.195333,5.204,200,True
100000,memory,join_groupby,pandas,3,14,5.639834,5.649,200,True
100000,memory,join_groupby,pandas,3,15,5.500625,5.509,200,True
100000,memory,clean_derive,pandas,3,11,0.970583,0.964,100000,True
100000,memory,clean_derive,pandas,3,12,0.6985,0.707,100000,True
100000,memory,clean_derive,pandas,3,13,0.715209,0.722,100000,True
100000,memory,clean_derive,pandas,3,14,0.79725,0.807,100000,True
100000,memory,clean_derive,pandas,3,15,0.674667,0.684,100000,True
100000,memory,clean_derive,duckdb,3,11,2.012375,2.06,100000,True
100000,memory,clean_derive,duckdb,3,12,1.951584,2.019,100000,True
100000,memory,clean_derive,duckdb,3,13,2.004583,3.163,100000,True
100000,memory,clean_derive,duckdb,3,14,1.949667,1.984,100000,True
100000,memory,clean_derive,duckdb,3,15,1.962875,1.999,100000,True
1000000,parquet,join_groupby,duckdb,3,11,8.460916,21.622,200,True
1000000,parquet,join_groupby,duckdb,3,12,8.297625,20.857,200,True
1000000,parquet,join_groupby,duckdb,3,13,8.233209,23.63,200,True
1000000,parquet,join_groupby,duckdb,3,14,8.303292,22.654,200,True
1000000,parquet,join_groupby,duckdb,3,15,8.051042,22.054,200,True
1000000,parquet,join_groupby,pandas,3,11,32.702167,42.802,200,True
1000000,parquet,join_groupby,pandas,3,12,31.347333,39.814,200,True
1000000,parquet,join_groupby,pandas,3,13,31.48175,39.972,200,True
1000000,parquet,join_groupby,pandas,3,14,32.192,40.973,200,True
1000000,parquet,join_groupby,pandas,3,15,31.815417,40.29,200,True
1000000,parquet,clean_derive,pandas,3,11,9.968208,22.175,1000000,True
1000000,parquet,clean_derive,pandas,3,12,9.342792,20.041,1000000,True
1000000,parquet,clean_derive,pandas,3,13,9.2015,20.141,1000000,True
1000000,parquet,clean_derive,pandas,3,14,9.475959,20.998,1000000,True
1000000,parquet,clean_derive,pandas,3,15,9.012833,19.93,1000000,True
1000000,parquet,clean_derive,duckdb,3,11,9.317208,26.154,1000000,True
1000000,parquet,clean_derive,duckdb,3,12,8.483459,24.731,1000000,True
1000000,parquet,clean_derive,duckdb,3,13,9.258333,27.403,1000000,True
1000000,parquet,clean_derive,duckdb,3,14,8.830333,27.088,1000000,True
1000000,parquet,clean_derive,duckdb,3,15,8.659333,24.719,1000000,True
10000000,memory,filter_project,duckdb,3,11,17.430958,45.239,1980090,True
10000000,memory,filter_project,duckdb,3,12,13.173333,37.655,1980090,True
10000000,memory,filter_project,duckdb,3,13,13.828458,38.649,1980090,True
10000000,memory,filter_project,duckdb,3,14,12.793792,37.043,1980090,True
10000000,memory,filter_project,duckdb,3,15,13.053875,37.481,1980090,True
10000000,memory,filter_project,pandas,3,11,18.120041,18.121,1980090,True
10000000,memory,filter_project,pandas,3,12,16.600125,16.598,1980090,True
10000000,memory,filter_project,pandas,3,13,16.75775,16.753,1980090,True
10000000,memory,filter_project,pandas,3,14,16.739792,16.735,1980090,True
10000000,memory,filter_project,pandas,3,15,16.871708,16.774,1980090,True
10000000,parquet,join_groupby,pandas,3,11,323.399542,412.66,200,True
10000000,parquet,join_groupby,pandas,3,12,322.213792,409.177,200,True
10000000,parquet,join_groupby,pandas,3,13,326.161083,418.533,200,True
10000000,parquet,join_groupby,pandas,3,14,385.603458,436.076,200,True
10000000,parquet,join_groupby,pandas,3,15,408.50975,439.761,200,True
10000000,parquet,join_groupby,duckdb,3,11,46.018875,169.563,200,True
10000000,parquet,join_groupby,duckdb,3,12,45.064125,164.967,200,True
10000000,parquet,join_groupby,duckdb,3,13,45.990709,169.629,200,True
10000000,parquet,join_groupby,duckdb,3,14,44.75375,164.883,200,True
10000000,parquet,join_groupby,duckdb,3,15,45.506667,168.948,200,True
10000000,memory,clean_derive,pandas,3,11,28.881167,28.759,10000000,True
10000000,memory,clean_derive,pandas,3,12,28.308084,28.298,10000000,True
10000000,memory,clean_derive,pandas,3,13,28.435292,28.393,10000000,True
10000000,memory,clean_derive,pandas,3,14,32.15575,32.072,10000000,True
10000000,memory,clean_derive,pandas,3,15,29.81975,29.783,10000000,True
10000000,memory,clean_derive,duckdb,3,11,37.775083,118.0,10000000,True
10000000,memory,clean_derive,duckdb,3,12,36.640417,114.615,10000000,True
10000000,memory,clean_derive,duckdb,3,13,49.075334,130.768,10000000,True
10000000,memory,clean_derive,duckdb,3,14,37.41375,117.143,10000000,True
10000000,memory,clean_derive,duckdb,3,15,37.43275,116.241,10000000,True
100000,parquet,groupby,pandas,3,11,3.984042,4.542,50,True
100000,parquet,groupby,pandas,3,12,3.282,3.67,50,True
100000,parquet,groupby,pandas,3,13,3.314292,3.722,50,True
100000,parquet,groupby,pandas,3,14,3.730917,4.121,50,True
100000,parquet,groupby,pandas,3,15,3.257875,3.624,50,True
100000,parquet,groupby,duckdb,3,11,1.989708,2.187,50,True
100000,parquet,groupby,duckdb,3,12,1.767667,1.88,50,True
100000,parquet,groupby,duckdb,3,13,1.791583,1.85,50,True
100000,parquet,groupby,duckdb,3,14,1.822125,1.908,50,True
100000,parquet,groupby,duckdb,3,15,1.783959,1.877,50,True
1000000,memory,filter_project,duckdb,3,11,2.537208,5.517,198279,True
1000000,memory,filter_project,duckdb,3,12,2.165542,4.46,198279,True
1000000,memory,filter_project,duckdb,3,13,2.198459,4.711,198279,True
1000000,memory,filter_project,duckdb,3,14,2.20675,4.863,198279,True
1000000,memory,filter_project,duckdb,3,15,2.253917,4.491,198279,True
1000000,memory,filter_project,pandas,3,11,2.605667,2.616,198279,True
1000000,memory,filter_project,pandas,3,12,2.857583,2.867,198279,True
1000000,memory,filter_project,pandas,3,13,2.492917,2.502,198279,True
1000000,memory,filter_project,pandas,3,14,2.145209,2.156,198279,True
1000000,memory,filter_project,pandas,3,15,2.071791,2.067,198279,True
10000000,memory,groupby,pandas,3,11,68.145959,68.016,50,True
10000000,memory,groupby,pandas,3,12,66.221708,66.099,50,True
10000000,memory,groupby,pandas,3,13,64.401625,64.215,50,True
10000000,memory,groupby,pandas,3,14,66.302917,66.199,50,True
10000000,memory,groupby,pandas,3,15,67.081666,66.943,50,True
10000000,memory,groupby,duckdb,3,11,14.543625,54.821,50,True
10000000,memory,groupby,duckdb,3,12,14.428125,54.781,50,True
10000000,memory,groupby,duckdb,3,13,14.197458,53.704,50,True
10000000,memory,groupby,duckdb,3,14,15.312333,56.848,50,True
10000000,memory,groupby,duckdb,3,15,15.769833,59.084,50,True
1000000,memory,clean_derive,pandas,3,11,3.6335,3.634,1000000,True
1000000,memory,clean_derive,pandas,3,12,3.290666,3.3,1000000,True
1000000,memory,clean_derive,pandas,3,13,3.326542,3.335,1000000,True
1000000,memory,clean_derive,pandas,3,14,3.398625,3.401,1000000,True
1000000,memory,clean_derive,pandas,3,15,3.232666,3.243,1000000,True
1000000,memory,clean_derive,duckdb,3,11,5.982167,14.942,1000000,True
1000000,memory,clean_derive,duckdb,3,12,5.011167,12.981,1000000,True
1000000,memory,clean_derive,duckdb,3,13,5.287708,13.445,1000000,True
1000000,memory,clean_derive,duckdb,3,14,5.0275,13.635,1000000,True
1000000,memory,clean_derive,duckdb,3,15,4.978875,13.43,1000000,True
1000000,memory,join_groupby,pandas,3,11,26.906166,26.873,200,True
1000000,memory,join_groupby,pandas,3,12,28.076833,28.045,200,True
1000000,memory,join_groupby,pandas,3,13,28.564,28.52,200,True
1000000,memory,join_groupby,pandas,3,14,29.910333,29.846,200,True
1000000,memory,join_groupby,pandas,3,15,28.522458,28.468,200,True
1000000,memory,join_groupby,duckdb,3,11,7.174333,19.195,200,True
1000000,memory,join_groupby,duckdb,3,12,7.224417,18.574,200,True
1000000,memory,join_groupby,duckdb,3,13,7.044083,17.388,200,True
1000000,memory,join_groupby,duckdb,3,14,7.076792,18.002,200,True
1000000,memory,join_groupby,duckdb,3,15,7.009625,17.484,200,True
100000,parquet,clean_derive,pandas,3,11,2.826958,3.827,100000,True
100000,parquet,clean_derive,pandas,3,12,2.497125,3.475,100000,True
100000,parquet,clean_derive,pandas,3,13,2.415625,3.29,100000,True
100000,parquet,clean_derive,pandas,3,14,2.280875,3.19,100000,True
100000,parquet,clean_derive,pandas,3,15,2.443167,3.467,100000,True
100000,parquet,clean_derive,duckdb,3,11,3.126417,3.146,100000,True
100000,parquet,clean_derive,duckdb,3,12,2.9475,2.988,100000,True
100000,parquet,clean_derive,duckdb,3,13,3.120333,3.146,100000,True
100000,parquet,clean_derive,duckdb,3,14,2.959334,2.994,100000,True
100000,parquet,clean_derive,duckdb,3,15,2.85575,2.893,100000,True
100000,memory,filter_project,duckdb,3,11,1.102791,1.158,19886,True
100000,memory,filter_project,duckdb,3,12,0.90075,0.933,19886,True
100000,memory,filter_project,duckdb,3,13,1.086708,1.124,19886,True
100000,memory,filter_project,duckdb,3,14,1.091375,1.111,19886,True
100000,memory,filter_project,duckdb,3,15,0.762375,0.789,19886,True
100000,memory,filter_project,pandas,3,11,0.66975,0.678,19886,True
100000,memory,filter_project,pandas,3,12,0.788583,0.796,19886,True
100000,memory,filter_project,pandas,3,13,0.67475,0.685,19886,True
100000,memory,filter_project,pandas,3,14,0.944917,0.939,19886,True
100000,memory,filter_project,pandas,3,15,0.828291,0.837,19886,True
100000,parquet,filter_project,pandas,3,11,3.201541,4.095,19886,True
100000,parquet,filter_project,pandas,3,12,2.834791,3.614,19886,True
100000,parquet,filter_project,pandas,3,13,2.675584,3.499,19886,True
100000,parquet,filter_project,pandas,3,14,2.538458,3.234,19886,True
100000,parquet,filter_project,pandas,3,15,2.555666,3.311,19886,True
100000,parquet,filter_project,duckdb,3,11,2.454166,2.512,19886,True
100000,parquet,filter_project,duckdb,3,12,2.493666,4.139,19886,True
100000,parquet,filter_project,duckdb,3,13,1.84,1.876,19886,True
100000,parquet,filter_project,duckdb,3,14,2.452375,2.492,19886,True
100000,parquet,filter_project,duckdb,3,15,2.678166,2.711,19886,True
1000000,memory,groupby,duckdb,3,11,2.532542,7.197,50,True
1000000,memory,groupby,duckdb,3,12,3.349209,9.99,50,True
1000000,memory,groupby,duckdb,3,13,2.648,7.074,50,True
1000000,memory,groupby,duckdb,3,14,2.738292,7.339,50,True
1000000,memory,groupby,duckdb,3,15,2.739375,7.76,50,True
1000000,memory,groupby,pandas,3,11,8.775625,8.771,50,True
1000000,memory,groupby,pandas,3,12,8.332458,8.337,50,True
1000000,memory,groupby,pandas,3,13,8.246417,8.25,50,True
1000000,memory,groupby,pandas,3,14,9.289208,9.266,50,True
1000000,memory,groupby,pandas,3,15,8.022958,8.001,50,True
100000,memory,groupby,duckdb,3,11,1.637083,2.756,50,True
100000,memory,groupby,duckdb,3,12,1.492292,1.75,50,True
100000,memory,groupby,duckdb,3,13,1.252583,1.476,50,True
100000,memory,groupby,duckdb,3,14,1.735417,2.048,50,True
100000,memory,groupby,duckdb,3,15,1.355875,1.632,50,True
100000,memory,groupby,pandas,3,11,2.562958,2.572,50,True
100000,memory,groupby,pandas,3,12,2.583417,2.592,50,True
100000,memory,groupby,pandas,3,13,2.595959,2.592,50,True
100000,memory,groupby,pandas,3,14,2.607042,2.615,50,True
100000,memory,groupby,pandas,3,15,2.317458,2.323,50,True
10000000,parquet,clean_derive,pandas,3,11,88.293417,212.184,10000000,True
10000000,parquet,clean_derive,pandas,3,12,90.882917,214.34,10000000,True
10000000,parquet,clean_derive,pandas,3,13,86.97475,207.647,10000000,True
10000000,parquet,clean_derive,pandas,3,14,88.700625,208.067,10000000,True
10000000,parquet,clean_derive,pandas,3,15,92.053625,215.811,10000000,True
10000000,parquet,clean_derive,duckdb,3,11,66.512833,230.734,10000000,True
10000000,parquet,clean_derive,duckdb,3,12,68.82325,234.489,10000000,True
10000000,parquet,clean_derive,duckdb,3,13,67.87575,233.9,10000000,True
10000000,parquet,clean_derive,duckdb,3,14,66.856375,232.367,10000000,True
10000000,parquet,clean_derive,duckdb,3,15,66.204166,229.447,10000000,True
10000000,parquet,groupby,pandas,3,11,104.946708,173.062,50,True
10000000,parquet,groupby,pandas,3,12,94.926,160.294,50,True
10000000,parquet,groupby,pandas,3,13,97.686583,162.845,50,True
10000000,parquet,groupby,pandas,3,14,100.51875,167.194,50,True
10000000,parquet,groupby,pandas,3,15,97.257916,164.008,50,True
10000000,parquet,groupby,duckdb,3,11,29.827083,110.233,50,True
10000000,parquet,groupby,duckdb,3,12,28.72875,108.343,50,True
10000000,parquet,groupby,duckdb,3,13,30.64325,113.864,50,True
10000000,parquet,groupby,duckdb,3,14,29.652916,110.818,50,True
10000000,parquet,groupby,duckdb,3,15,28.910083,107.943,50,True
1000000,parquet,filter_project,pandas,3,11,8.103542,24.1,198279,True
1000000,parquet,filter_project,pandas,3,12,7.325667,21.551,198279,True
1000000,parquet,filter_project,pandas,3,13,7.310625,21.541,198279,True
1000000,parquet,filter_project,pandas,3,14,7.215542,21.483,198279,True
1000000,parquet,filter_project,pandas,3,15,7.349083,21.52,198279,True
1000000,parquet,filter_project,duckdb,3,11,6.413833,20.291,198279,True
1000000,parquet,filter_project,duckdb,3,12,6.496709,19.276,198279,True
1000000,parquet,filter_project,duckdb,3,13,6.536583,20.791,198279,True
1000000,parquet,filter_project,duckdb,3,14,6.171875,18.308,198279,True
1000000,parquet,filter_project,duckdb,3,15,6.329917,20.103,198279,True
100000,memory,filter_project,pandas,4,16,0.617,0.626,19886,True
100000,memory,filter_project,pandas,4,17,0.732209,0.739,19886,True
100000,memory,filter_project,pandas,4,18,0.574,0.583,19886,True
100000,memory,filter_project,pandas,4,19,0.809042,0.82,19886,True
100000,memory,filter_project,pandas,4,20,0.728958,0.739,19886,True
100000,memory,filter_project,duckdb,4,16,1.075,1.138,19886,True
100000,memory,filter_project,duckdb,4,17,1.1485,1.455,19886,True
100000,memory,filter_project,duckdb,4,18,1.085125,1.129,19886,True
100000,memory,filter_project,duckdb,4,19,0.920958,0.955,19886,True
100000,memory,filter_project,duckdb,4,20,0.882375,0.914,19886,True
1000000,parquet,clean_derive,pandas,4,16,9.795166,22.093,1000000,True
1000000,parquet,clean_derive,pandas,4,17,9.078959,20.357,1000000,True
1000000,parquet,clean_derive,pandas,4,18,9.035,19.5,1000000,True
1000000,parquet,clean_derive,pandas,4,19,9.666041,20.797,1000000,True
1000000,parquet,clean_derive,pandas,4,20,9.130667,20.283,1000000,True
1000000,parquet,clean_derive,duckdb,4,16,9.133125,26.172,1000000,True
1000000,parquet,clean_derive,duckdb,4,17,8.709959,25.271,1000000,True
1000000,parquet,clean_derive,duckdb,4,18,8.880625,25.182,1000000,True
1000000,parquet,clean_derive,duckdb,4,19,8.509709,24.497,1000000,True
1000000,parquet,clean_derive,duckdb,4,20,8.744667,25.247,1000000,True
1000000,memory,clean_derive,pandas,4,16,3.255959,3.266,1000000,True
1000000,memory,clean_derive,pandas,4,17,3.423459,3.367,1000000,True
1000000,memory,clean_derive,pandas,4,18,3.214667,3.204,1000000,True
1000000,memory,clean_derive,pandas,4,19,3.334542,3.314,1000000,True
1000000,memory,clean_derive,pandas,4,20,3.36925,3.377,1000000,True
1000000,memory,clean_derive,duckdb,4,16,5.374041,13.644,1000000,True
1000000,memory,clean_derive,duckdb,4,17,5.155958,13.128,1000000,True
1000000,memory,clean_derive,duckdb,4,18,5.19525,14.04,1000000,True
1000000,memory,clean_derive,duckdb,4,19,5.04075,12.645,1000000,True
1000000,memory,clean_derive,duckdb,4,20,5.159625,14.035,1000000,True
10000000,parquet,filter_project,pandas,4,16,56.971958,212.885,1980090,True
10000000,parquet,filter_project,pandas,4,17,55.745375,206.627,1980090,True
10000000,parquet,filter_project,pandas,4,18,56.635791,208.648,1980090,True
10000000,parquet,filter_project,pandas,4,19,57.276292,210.781,1980090,True
10000000,parquet,filter_project,pandas,4,20,56.991042,212.962,1980090,True
10000000,parquet,filter_project,duckdb,4,16,47.480417,172.494,1980090,True
10000000,parquet,filter_project,duckdb,4,17,47.143667,171.81,1980090,True
10000000,parquet,filter_project,duckdb,4,18,47.578625,174.138,1980090,True
10000000,parquet,filter_project,duckdb,4,19,47.122875,172.655,1980090,True
10000000,parquet,filter_project,duckdb,4,20,48.893583,177.843,1980090,True
100000,parquet,clean_derive,pandas,4,16,2.517875,3.538,100000,True
100000,parquet,clean_derive,pandas,4,17,2.174959,3.152,100000,True
100000,parquet,clean_derive,pandas,4,18,2.34275,3.33,100000,True
100000,parquet,clean_derive,pandas,4,19,2.364084,3.339,100000,True
100000,parquet,clean_derive,pandas,4,20,2.2655,3.17,100000,True
100000,parquet,clean_derive,duckdb,4,16,3.384542,3.45,100000,True
100000,parquet,clean_derive,duckdb,4,17,3.513,3.496,100000,True
100000,parquet,clean_derive,duckdb,4,18,3.209917,3.247,100000,True
100000,parquet,clean_derive,duckdb,4,19,3.043917,3.088,100000,True
100000,parquet,clean_derive,duckdb,4,20,2.985541,3.012,100000,True
10000000,parquet,join_groupby,duckdb,4,16,45.14075,166.183,200,True
10000000,parquet,join_groupby,duckdb,4,17,46.071292,170.153,200,True
10000000,parquet,join_groupby,duckdb,4,18,45.822917,170.032,200,True
10000000,parquet,join_groupby,duckdb,4,19,45.5665,168.69,200,True
10000000,parquet,join_groupby,duckdb,4,20,45.524834,168.372,200,True
10000000,parquet,join_groupby,pandas,4,16,321.874167,413.484,200,True
10000000,parquet,join_groupby,pandas,4,17,318.77475,407.862,200,True
10000000,parquet,join_groupby,pandas,4,18,347.846167,428.758,200,True
10000000,parquet,join_groupby,pandas,4,19,389.795333,432.658,200,True
10000000,parquet,join_groupby,pandas,4,20,397.503833,441.912,200,True
10000000,parquet,groupby,duckdb,4,16,29.58275,111.634,50,True
10000000,parquet,groupby,duckdb,4,17,28.931834,109.36,50,True
10000000,parquet,groupby,duckdb,4,18,28.743583,107.857,50,True
10000000,parquet,groupby,duckdb,4,19,28.680666,107.921,50,True
10000000,parquet,groupby,duckdb,4,20,28.966125,109.131,50,True
10000000,parquet,groupby,pandas,4,16,104.87675,173.865,50,True
10000000,parquet,groupby,pandas,4,17,95.8175,160.878,50,True
10000000,parquet,groupby,pandas,4,18,96.324916,159.276,50,True
10000000,parquet,groupby,pandas,4,19,95.709209,160.134,50,True
10000000,parquet,groupby,pandas,4,20,96.828541,160.548,50,True
1000000,memory,groupby,pandas,4,16,8.93,8.857,50,True
1000000,memory,groupby,pandas,4,17,8.693333,8.694,50,True
1000000,memory,groupby,pandas,4,18,8.510833,8.495,50,True
1000000,memory,groupby,pandas,4,19,8.596459,8.587,50,True
1000000,memory,groupby,pandas,4,20,8.372208,8.376,50,True
1000000,memory,groupby,duckdb,4,16,2.723791,7.363,50,True
1000000,memory,groupby,duckdb,4,17,2.417667,6.711,50,True
1000000,memory,groupby,duckdb,4,18,2.497625,7.208,50,True
1000000,memory,groupby,duckdb,4,19,2.748834,7.586,50,True
1000000,memory,groupby,duckdb,4,20,2.7035,7.224,50,True
100000,parquet,filter_project,pandas,4,16,3.078416,4.033,19886,True
100000,parquet,filter_project,pandas,4,17,2.969292,3.788,19886,True
100000,parquet,filter_project,pandas,4,18,2.523333,3.274,19886,True
100000,parquet,filter_project,pandas,4,19,2.625292,3.378,19886,True
100000,parquet,filter_project,pandas,4,20,2.480625,3.187,19886,True
100000,parquet,filter_project,duckdb,4,16,2.443459,2.535,19886,True
100000,parquet,filter_project,duckdb,4,17,2.38925,2.405,19886,True
100000,parquet,filter_project,duckdb,4,18,2.294542,2.33,19886,True
100000,parquet,filter_project,duckdb,4,19,2.403833,2.439,19886,True
100000,parquet,filter_project,duckdb,4,20,2.249167,2.283,19886,True
100000,memory,groupby,pandas,4,16,2.671875,2.666,50,True
100000,memory,groupby,pandas,4,17,2.320083,2.324,50,True
100000,memory,groupby,pandas,4,18,2.373875,2.365,50,True
100000,memory,groupby,pandas,4,19,2.23175,2.243,50,True
100000,memory,groupby,pandas,4,20,2.405333,2.392,50,True
100000,memory,groupby,duckdb,4,16,1.589583,1.868,50,True
100000,memory,groupby,duckdb,4,17,1.42175,1.675,50,True
100000,memory,groupby,duckdb,4,18,1.53775,1.799,50,True
100000,memory,groupby,duckdb,4,19,1.53425,1.772,50,True
100000,memory,groupby,duckdb,4,20,1.360958,1.601,50,True
1000000,parquet,join_groupby,pandas,4,16,32.071375,41.054,200,True
1000000,parquet,join_groupby,pandas,4,17,32.278583,40.713,200,True
1000000,parquet,join_groupby,pandas,4,18,32.457167,40.84,200,True
1000000,parquet,join_groupby,pandas,4,19,32.125334,40.587,200,True
1000000,parquet,join_groupby,pandas,4,20,33.80175,43.138,200,True
1000000,parquet,join_groupby,duckdb,4,16,8.341583,23.765,200,True
1000000,parquet,join_groupby,duckdb,4,17,8.25025,22.076,200,True
1000000,parquet,join_groupby,duckdb,4,18,8.033917,19.665,200,True
1000000,parquet,join_groupby,duckdb,4,19,8.293375,22.227,200,True
1000000,parquet,join_groupby,duckdb,4,20,8.270125,20.192,200,True
1000000,memory,filter_project,pandas,4,16,2.097125,2.106,198279,True
1000000,memory,filter_project,pandas,4,17,1.997708,2.008,198279,True
1000000,memory,filter_project,pandas,4,18,2.958417,2.908,198279,True
1000000,memory,filter_project,pandas,4,19,2.185167,2.194,198279,True
1000000,memory,filter_project,pandas,4,20,2.152375,2.164,198279,True
1000000,memory,filter_project,duckdb,4,16,2.256709,4.942,198279,True
1000000,memory,filter_project,duckdb,4,17,2.071583,4.385,198279,True
1000000,memory,filter_project,duckdb,4,18,1.964958,4.27,198279,True
1000000,memory,filter_project,duckdb,4,19,2.016834,4.348,198279,True
1000000,memory,filter_project,duckdb,4,20,2.099375,4.542,198279,True
10000000,memory,filter_project,duckdb,4,16,12.950583,38.909,1980090,True
10000000,memory,filter_project,duckdb,4,17,12.29425,35.422,1980090,True
10000000,memory,filter_project,duckdb,4,18,12.35475,35.807,1980090,True
10000000,memory,filter_project,duckdb,4,19,12.328,34.696,1980090,True
10000000,memory,filter_project,duckdb,4,20,12.098792,34.97,1980090,True
10000000,memory,filter_project,pandas,4,16,15.753042,15.75,1980090,True
10000000,memory,filter_project,pandas,4,17,15.095791,15.078,1980090,True
10000000,memory,filter_project,pandas,4,18,14.844833,14.842,1980090,True
10000000,memory,filter_project,pandas,4,19,15.418459,15.399,1980090,True
10000000,memory,filter_project,pandas,4,20,16.646542,16.54,1980090,True
10000000,memory,clean_derive,duckdb,4,16,37.681792,117.189,10000000,True
10000000,memory,clean_derive,duckdb,4,17,37.937542,116.5,10000000,True
10000000,memory,clean_derive,duckdb,4,18,37.250208,117.357,10000000,True
10000000,memory,clean_derive,duckdb,4,19,37.603416,117.378,10000000,True
10000000,memory,clean_derive,duckdb,4,20,37.067542,115.918,10000000,True
10000000,memory,clean_derive,pandas,4,16,28.790625,28.76,10000000,True
10000000,memory,clean_derive,pandas,4,17,28.729917,28.651,10000000,True
10000000,memory,clean_derive,pandas,4,18,28.294417,28.262,10000000,True
10000000,memory,clean_derive,pandas,4,19,29.835458,29.655,10000000,True
10000000,memory,clean_derive,pandas,4,20,32.905708,32.857,10000000,True
10000000,memory,join_groupby,duckdb,4,16,38.079,142.919,200,True
10000000,memory,join_groupby,duckdb,4,17,38.300042,142.316,200,True
10000000,memory,join_groupby,duckdb,4,18,37.756125,141.66,200,True
10000000,memory,join_groupby,duckdb,4,19,37.329292,140.162,200,True
10000000,memory,join_groupby,duckdb,4,20,38.215875,143.004,200,True
10000000,memory,join_groupby,pandas,4,16,273.358542,272.976,200,True
10000000,memory,join_groupby,pandas,4,17,273.596834,272.96,200,True
10000000,memory,join_groupby,pandas,4,18,293.452709,288.533,200,True
10000000,memory,join_groupby,pandas,4,19,335.712417,294.741,200,True
10000000,memory,join_groupby,pandas,4,20,337.692125,297.066,200,True
100000,parquet,join_groupby,duckdb,4,16,4.635916,5.258,200,True
100000,parquet,join_groupby,duckdb,4,17,4.733,4.875,200,True
100000,parquet,join_groupby,duckdb,4,18,4.509125,4.748,200,True
100000,parquet,join_groupby,duckdb,4,19,4.946375,5.535,200,True
100000,parquet,join_groupby,duckdb,4,20,4.720875,6.591,200,True
100000,parquet,join_groupby,pandas,4,16,8.03425,8.906,200,True
100000,parquet,join_groupby,pandas,4,17,7.395708,8.195,200,True
100000,parquet,join_groupby,pandas,4,18,7.302084,8.064,200,True
100000,parquet,join_groupby,pandas,4,19,6.9585,7.696,200,True
100000,parquet,join_groupby,pandas,4,20,7.086041,7.917,200,True
1000000,memory,join_groupby,pandas,4,16,27.009208,26.992,200,True
1000000,memory,join_groupby,pandas,4,17,26.570959,26.555,200,True
1000000,memory,join_groupby,pandas,4,18,27.000958,26.978,200,True
1000000,memory,join_groupby,pandas,4,19,26.537709,26.537,200,True
1000000,memory,join_groupby,pandas,4,20,26.120709,26.063,200,True
1000000,memory,join_groupby,duckdb,4,16,7.097416,17.944,200,True
1000000,memory,join_groupby,duckdb,4,17,6.838166,17.702,200,True
1000000,memory,join_groupby,duckdb,4,18,6.71875,19.074,200,True
1000000,memory,join_groupby,duckdb,4,19,6.981333,19.242,200,True
1000000,memory,join_groupby,duckdb,4,20,6.883875,17.544,200,True
1000000,parquet,groupby,pandas,4,16,12.549916,19.948,50,True
1000000,parquet,groupby,pandas,4,17,10.834625,16.364,50,True
1000000,parquet,groupby,pandas,4,18,11.047209,16.835,50,True
1000000,parquet,groupby,pandas,4,19,12.187917,18.972,50,True
1000000,parquet,groupby,pandas,4,20,11.018458,16.712,50,True
1000000,parquet,groupby,duckdb,4,16,4.581709,12.999,50,True
1000000,parquet,groupby,duckdb,4,17,4.574459,13.373,50,True
1000000,parquet,groupby,duckdb,4,18,4.524667,13.843,50,True
1000000,parquet,groupby,duckdb,4,19,4.484833,12.894,50,True
1000000,parquet,groupby,duckdb,4,20,4.330375,12.674,50,True
10000000,parquet,clean_derive,pandas,4,16,87.695708,208.94,10000000,True
10000000,parquet,clean_derive,pandas,4,17,98.746,223.073,10000000,True
10000000,parquet,clean_derive,pandas,4,18,88.637083,213.285,10000000,True
10000000,parquet,clean_derive,pandas,4,19,85.731917,204.777,10000000,True
10000000,parquet,clean_derive,pandas,4,20,85.83625,206.107,10000000,True
10000000,parquet,clean_derive,duckdb,4,16,67.023333,232.571,10000000,True
10000000,parquet,clean_derive,duckdb,4,17,66.114291,230.126,10000000,True
10000000,parquet,clean_derive,duckdb,4,18,68.521625,236.906,10000000,True
10000000,parquet,clean_derive,duckdb,4,19,66.590417,231.755,10000000,True
10000000,parquet,clean_derive,duckdb,4,20,68.359084,235.265,10000000,True
10000000,memory,groupby,duckdb,4,16,13.858041,52.322,50,True
10000000,memory,groupby,duckdb,4,17,14.196792,53.804,50,True
10000000,memory,groupby,duckdb,4,18,13.92125,52.995,50,True
10000000,memory,groupby,duckdb,4,19,14.830167,56.252,50,True
10000000,memory,groupby,duckdb,4,20,15.0135,56.809,50,True
10000000,memory,groupby,pandas,4,16,63.790125,63.539,50,True
10000000,memory,groupby,pandas,4,17,62.347209,62.251,50,True
10000000,memory,groupby,pandas,4,18,62.082542,61.969,50,True
10000000,memory,groupby,pandas,4,19,61.852667,61.813,50,True
10000000,memory,groupby,pandas,4,20,67.402042,67.278,50,True
100000,memory,join_groupby,pandas,4,16,5.243125,5.244,200,True
100000,memory,join_groupby,pandas,4,17,5.037875,5.03,200,True
100000,memory,join_groupby,pandas,4,18,4.79375,4.798,200,True
100000,memory,join_groupby,pandas,4,19,4.992042,4.988,200,True
100000,memory,join_groupby,pandas,4,20,4.942584,4.951,200,True
100000,memory,join_groupby,duckdb,4,16,4.169375,4.729,200,True
100000,memory,join_groupby,duckdb,4,17,4.11925,4.529,200,True
100000,memory,join_groupby,duckdb,4,18,4.321708,4.755,200,True
100000,memory,join_groupby,duckdb,4,19,4.227167,4.552,200,True
100000,memory,join_groupby,duckdb,4,20,3.831125,4.907,200,True
100000,memory,clean_derive,pandas,4,16,0.736958,0.745,100000,True
100000,memory,clean_derive,pandas,4,17,0.689208,0.7,100000,True
100000,memory,clean_derive,pandas,4,18,0.761792,0.772,100000,True
100000,memory,clean_derive,pandas,4,19,0.829417,0.821,100000,True
100000,memory,clean_derive,pandas,4,20,1.104125,1.102,100000,True
100000,memory,clean_derive,duckdb,4,16,1.855958,1.891,100000,True
100000,memory,clean_derive,duckdb,4,17,1.86675,1.899,100000,True
100000,memory,clean_derive,duckdb,4,18,1.985375,3.073,100000,True
100000,memory,clean_derive,duckdb,4,19,2.022791,2.056,100000,True
100000,memory,clean_derive,duckdb,4,20,2.036917,2.095,100000,True
100000,parquet,groupby,duckdb,4,16,1.728041,1.795,50,True
100000,parquet,groupby,duckdb,4,17,1.744792,1.804,50,True
100000,parquet,groupby,duckdb,4,18,1.899708,1.962,50,True
100000,parquet,groupby,duckdb,4,19,1.7065,1.765,50,True
100000,parquet,groupby,duckdb,4,20,1.646583,1.711,50,True
100000,parquet,groupby,pandas,4,16,3.959416,4.53,50,True
100000,parquet,groupby,pandas,4,17,3.782541,4.202,50,True
100000,parquet,groupby,pandas,4,18,3.572,3.972,50,True
100000,parquet,groupby,pandas,4,19,3.34675,3.709,50,True
100000,parquet,groupby,pandas,4,20,3.6185,3.982,50,True
1000000,parquet,filter_project,duckdb,4,16,6.419083,18.941,198279,True
1000000,parquet,filter_project,duckdb,4,17,6.349416,18.624,198279,True
1000000,parquet,filter_project,duckdb,4,18,6.306458,18.637,198279,True
1000000,parquet,filter_project,duckdb,4,19,6.379041,18.551,198279,True
1000000,parquet,filter_project,duckdb,4,20,6.226292,18.416,198279,True
1000000,parquet,filter_project,pandas,4,16,8.008791,23.282,198279,True
1000000,parquet,filter_project,pandas,4,17,7.322625,21.789,198279,True
1000000,parquet,filter_project,pandas,4,18,7.084792,20.971,198279,True
1000000,parquet,filter_project,pandas,4,19,7.366625,22.091,198279,True
1000000,parquet,filter_project,pandas,4,20,7.265125,21.441,198279,True
10000000,memory,clean_derive,pandas,5,21,28.338042,28.28,10000000,True
10000000,memory,clean_derive,pandas,5,22,28.461,28.457,10000000,True
10000000,memory,clean_derive,pandas,5,23,28.444958,28.403,10000000,True
10000000,memory,clean_derive,pandas,5,24,28.83275,28.763,10000000,True
10000000,memory,clean_derive,pandas,5,25,28.093125,28.076,10000000,True
10000000,memory,clean_derive,duckdb,5,21,39.411917,118.395,10000000,True
10000000,memory,clean_derive,duckdb,5,22,36.343959,114.524,10000000,True
10000000,memory,clean_derive,duckdb,5,23,37.427417,116.684,10000000,True
10000000,memory,clean_derive,duckdb,5,24,38.728042,120.027,10000000,True
10000000,memory,clean_derive,duckdb,5,25,37.798084,116.132,10000000,True
1000000,parquet,groupby,duckdb,5,21,4.298041,12.125,50,True
1000000,parquet,groupby,duckdb,5,22,4.269125,12.32,50,True
1000000,parquet,groupby,duckdb,5,23,4.010167,11.551,50,True
1000000,parquet,groupby,duckdb,5,24,4.080958,11.578,50,True
1000000,parquet,groupby,duckdb,5,25,4.123625,12.904,50,True
1000000,parquet,groupby,pandas,5,21,13.254791,21.482,50,True
1000000,parquet,groupby,pandas,5,22,12.358958,18.177,50,True
1000000,parquet,groupby,pandas,5,23,11.520667,17.499,50,True
1000000,parquet,groupby,pandas,5,24,11.286416,17.039,50,True
1000000,parquet,groupby,pandas,5,25,11.054833,16.774,50,True
100000,parquet,join_groupby,duckdb,5,21,5.164292,7.333,200,True
100000,parquet,join_groupby,duckdb,5,22,4.9125,5.522,200,True
100000,parquet,join_groupby,duckdb,5,23,4.865708,6.866,200,True
100000,parquet,join_groupby,duckdb,5,24,4.613708,6.405,200,True
100000,parquet,join_groupby,duckdb,5,25,4.794625,5.335,200,True
100000,parquet,join_groupby,pandas,5,21,7.806542,8.731,200,True
100000,parquet,join_groupby,pandas,5,22,7.279167,8.122,200,True
100000,parquet,join_groupby,pandas,5,23,7.294125,8.114,200,True
100000,parquet,join_groupby,pandas,5,24,7.046333,7.852,200,True
100000,parquet,join_groupby,pandas,5,25,6.735584,7.499,200,True
10000000,parquet,clean_derive,pandas,5,21,88.821583,212.847,10000000,True
10000000,parquet,clean_derive,pandas,5,22,86.825833,208.521,10000000,True
10000000,parquet,clean_derive,pandas,5,23,88.570542,211.287,10000000,True
10000000,parquet,clean_derive,pandas,5,24,86.712292,204.8,10000000,True
10000000,parquet,clean_derive,pandas,5,25,87.320167,206.317,10000000,True
10000000,parquet,clean_derive,duckdb,5,21,67.190083,232.181,10000000,True
10000000,parquet,clean_derive,duckdb,5,22,66.987833,232.129,10000000,True
10000000,parquet,clean_derive,duckdb,5,23,67.481334,234.023,10000000,True
10000000,parquet,clean_derive,duckdb,5,24,69.363416,237.495,10000000,True
10000000,parquet,clean_derive,duckdb,5,25,67.613917,234.218,10000000,True
100000,memory,filter_project,duckdb,5,21,1.252792,1.627,19886,True
100000,memory,filter_project,duckdb,5,22,1.1845,1.582,19886,True
100000,memory,filter_project,duckdb,5,23,0.965166,1.004,19886,True
100000,memory,filter_project,duckdb,5,24,1.222375,1.569,19886,True
100000,memory,filter_project,duckdb,5,25,1.10075,1.132,19886,True
100000,memory,filter_project,pandas,5,21,0.727041,0.736,19886,True
100000,memory,filter_project,pandas,5,22,0.739708,0.748,19886,True
100000,memory,filter_project,pandas,5,23,0.583709,0.594,19886,True
100000,memory,filter_project,pandas,5,24,0.600125,0.596,19886,True
100000,memory,filter_project,pandas,5,25,0.662208,0.672,19886,True
100000,memory,join_groupby,pandas,5,21,5.0785,5.059,200,True
100000,memory,join_groupby,pandas,5,22,4.730583,4.732,200,True
100000,memory,join_groupby,pandas,5,23,5.820583,5.828,200,True
100000,memory,join_groupby,pandas,5,24,6.570542,6.574,200,True
100000,memory,join_groupby,pandas,5,25,5.282959,5.281,200,True
100000,memory,join_groupby,duckdb,5,21,3.969458,4.277,200,True
100000,memory,join_groupby,duckdb,5,22,3.787083,4.163,200,True
100000,memory,join_groupby,duckdb,5,23,3.876708,4.955,200,True
100000,memory,join_groupby,duckdb,5,24,4.058541,4.422,200,True
100000,memory,join_groupby,duckdb,5,25,3.922375,4.208,200,True
100000,parquet,filter_project,pandas,5,21,2.956125,3.829,19886,True
100000,parquet,filter_project,pandas,5,22,2.806792,3.601,19886,True
100000,parquet,filter_project,pandas,5,23,3.155917,3.827,19886,True
100000,parquet,filter_project,pandas,5,24,3.369667,3.999,19886,True
100000,parquet,filter_project,pandas,5,25,3.10575,3.761,19886,True
100000,parquet,filter_project,duckdb,5,21,2.373791,3.975,19886,True
100000,parquet,filter_project,duckdb,5,22,2.218792,2.256,19886,True
100000,parquet,filter_project,duckdb,5,23,2.314792,2.374,19886,True
100000,parquet,filter_project,duckdb,5,24,2.082792,2.15,19886,True
100000,parquet,filter_project,duckdb,5,25,2.141333,2.182,19886,True
1000000,memory,filter_project,pandas,5,21,2.541125,2.549,198279,True
1000000,memory,filter_project,pandas,5,22,2.170208,2.179,198279,True
1000000,memory,filter_project,pandas,5,23,1.931208,1.94,198279,True
1000000,memory,filter_project,pandas,5,24,1.859042,1.869,198279,True
1000000,memory,filter_project,pandas,5,25,1.99475,2.005,198279,True
1000000,memory,filter_project,duckdb,5,21,2.378417,4.756,198279,True
1000000,memory,filter_project,duckdb,5,22,2.271583,4.695,198279,True
1000000,memory,filter_project,duckdb,5,23,2.168834,4.409,198279,True
1000000,memory,filter_project,duckdb,5,24,1.838208,4.063,198279,True
1000000,memory,filter_project,duckdb,5,25,2.137417,4.908,198279,True
10000000,memory,groupby,duckdb,5,21,14.500416,55.231,50,True
10000000,memory,groupby,duckdb,5,22,15.603166,58.961,50,True
10000000,memory,groupby,duckdb,5,23,13.978458,52.917,50,True
10000000,memory,groupby,duckdb,5,24,13.621083,51.344,50,True
10000000,memory,groupby,duckdb,5,25,14.470792,54.424,50,True
10000000,memory,groupby,pandas,5,21,63.184459,63.107,50,True
10000000,memory,groupby,pandas,5,22,63.550959,63.346,50,True
10000000,memory,groupby,pandas,5,23,62.889125,62.619,50,True
10000000,memory,groupby,pandas,5,24,62.246167,62.121,50,True
10000000,memory,groupby,pandas,5,25,62.917583,62.805,50,True
10000000,parquet,groupby,pandas,5,21,101.219084,168.795,50,True
10000000,parquet,groupby,pandas,5,22,94.584709,159.654,50,True
10000000,parquet,groupby,pandas,5,23,93.001625,160.128,50,True
10000000,parquet,groupby,pandas,5,24,96.487333,160.29,50,True
10000000,parquet,groupby,pandas,5,25,91.873291,155.864,50,True
10000000,parquet,groupby,duckdb,5,21,29.383959,110.933,50,True
10000000,parquet,groupby,duckdb,5,22,29.032666,109.102,50,True
10000000,parquet,groupby,duckdb,5,23,29.842,111.293,50,True
10000000,parquet,groupby,duckdb,5,24,29.009541,108.792,50,True
10000000,parquet,groupby,duckdb,5,25,29.224208,109.437,50,True
100000,parquet,clean_derive,pandas,5,21,2.519334,3.559,100000,True
100000,parquet,clean_derive,pandas,5,22,2.194542,3.205,100000,True
100000,parquet,clean_derive,pandas,5,23,2.3035,3.306,100000,True
100000,parquet,clean_derive,pandas,5,24,2.198583,3.14,100000,True
100000,parquet,clean_derive,pandas,5,25,2.260959,3.155,100000,True
100000,parquet,clean_derive,duckdb,5,21,3.227375,3.267,100000,True
100000,parquet,clean_derive,duckdb,5,22,3.008833,3.048,100000,True
100000,parquet,clean_derive,duckdb,5,23,2.908459,2.934,100000,True
100000,parquet,clean_derive,duckdb,5,24,3.133083,3.161,100000,True
100000,parquet,clean_derive,duckdb,5,25,2.947541,2.965,100000,True
1000000,parquet,join_groupby,duckdb,5,21,8.417375,21.132,200,True
1000000,parquet,join_groupby,duckdb,5,22,8.345167,20.82,200,True
1000000,parquet,join_groupby,duckdb,5,23,8.253458,22.327,200,True
1000000,parquet,join_groupby,duckdb,5,24,7.957792,20.006,200,True
1000000,parquet,join_groupby,duckdb,5,25,8.025916,20.565,200,True
1000000,parquet,join_groupby,pandas,5,21,31.477916,40.102,200,True
1000000,parquet,join_groupby,pandas,5,22,32.10425,40.401,200,True
1000000,parquet,join_groupby,pandas,5,23,32.650542,43.129,200,True
1000000,parquet,join_groupby,pandas,5,24,31.884375,39.876,200,True
1000000,parquet,join_groupby,pandas,5,25,31.004083,39.407,200,True
1000000,parquet,filter_project,pandas,5,21,8.139083,24.141,198279,True
1000000,parquet,filter_project,pandas,5,22,7.270334,21.679,198279,True
1000000,parquet,filter_project,pandas,5,23,7.167792,21.197,198279,True
1000000,parquet,filter_project,pandas,5,24,7.197791,21.224,198279,True
1000000,parquet,filter_project,pandas,5,25,7.214542,21.441,198279,True
1000000,parquet,filter_project,duckdb,5,21,6.606291,20.893,198279,True
1000000,parquet,filter_project,duckdb,5,22,6.238542,18.238,198279,True
1000000,parquet,filter_project,duckdb,5,23,6.338792,18.868,198279,True
1000000,parquet,filter_project,duckdb,5,24,6.36875,20.211,198279,True
1000000,parquet,filter_project,duckdb,5,25,6.131959,18.172,198279,True
1000000,memory,groupby,duckdb,5,21,2.856125,7.847,50,True
1000000,memory,groupby,duckdb,5,22,2.742792,7.518,50,True
1000000,memory,groupby,duckdb,5,23,2.817,7.777,50,True
1000000,memory,groupby,duckdb,5,24,2.670542,7.277,50,True
1000000,memory,groupby,duckdb,5,25,2.690958,7.69,50,True
1000000,memory,groupby,pandas,5,21,8.763917,8.757,50,True
1000000,memory,groupby,pandas,5,22,8.405042,8.391,50,True
1000000,memory,groupby,pandas,5,23,8.2415,8.233,50,True
1000000,memory,groupby,pandas,5,24,8.213333,8.217,50,True
1000000,memory,groupby,pandas,5,25,7.754625,7.75,50,True
100000,parquet,groupby,pandas,5,21,3.865917,4.373,50,True
100000,parquet,groupby,pandas,5,22,3.45775,3.842,50,True
100000,parquet,groupby,pandas,5,23,3.499916,3.887,50,True
100000,parquet,groupby,pandas,5,24,3.712084,4.13,50,True
100000,parquet,groupby,pandas,5,25,3.632708,4.014,50,True
100000,parquet,groupby,duckdb,5,21,1.906167,1.982,50,True
100000,parquet,groupby,duckdb,5,22,1.867291,1.924,50,True
100000,parquet,groupby,duckdb,5,23,1.962709,3.168,50,True
100000,parquet,groupby,duckdb,5,24,1.795583,1.886,50,True
100000,parquet,groupby,duckdb,5,25,2.073583,2.148,50,True
1000000,memory,clean_derive,duckdb,5,21,5.36875,13.526,1000000,True
1000000,memory,clean_derive,duckdb,5,22,5.104625,13.761,1000000,True
1000000,memory,clean_derive,duckdb,5,23,5.208833,12.959,1000000,True
1000000,memory,clean_derive,duckdb,5,24,5.354,14.106,1000000,True
1000000,memory,clean_derive,duckdb,5,25,4.99075,13.621,1000000,True
1000000,memory,clean_derive,pandas,5,21,3.487125,3.501,1000000,True
1000000,memory,clean_derive,pandas,5,22,3.760041,3.753,1000000,True
1000000,memory,clean_derive,pandas,5,23,3.502458,3.504,1000000,True
1000000,memory,clean_derive,pandas,5,24,3.634209,3.639,1000000,True
1000000,memory,clean_derive,pandas,5,25,3.510916,3.513,1000000,True
1000000,memory,join_groupby,pandas,5,21,27.253458,27.218,200,True
1000000,memory,join_groupby,pandas,5,22,25.870083,25.84,200,True
1000000,memory,join_groupby,pandas,5,23,26.084583,26.062,200,True
1000000,memory,join_groupby,pandas,5,24,26.995084,26.935,200,True
1000000,memory,join_groupby,pandas,5,25,27.075,27.042,200,True
1000000,memory,join_groupby,duckdb,5,21,7.188666,18.94,200,True
1000000,memory,join_groupby,duckdb,5,22,6.888042,18.558,200,True
1000000,memory,join_groupby,duckdb,5,23,6.870917,17.581,200,True
1000000,memory,join_groupby,duckdb,5,24,6.972209,17.721,200,True
1000000,memory,join_groupby,duckdb,5,25,6.970375,18.899,200,True
10000000,memory,join_groupby,pandas,5,21,268.196041,267.673,200,True
10000000,memory,join_groupby,pandas,5,22,275.523084,275.018,200,True
10000000,memory,join_groupby,pandas,5,23,287.064959,286.446,200,True
10000000,memory,join_groupby,pandas,5,24,339.941875,302.59,200,True
10000000,memory,join_groupby,pandas,5,25,328.748542,291.205,200,True
10000000,memory,join_groupby,duckdb,5,21,40.573958,153.298,200,True
10000000,memory,join_groupby,duckdb,5,22,38.417541,143.754,200,True
10000000,memory,join_groupby,duckdb,5,23,37.85975,141.144,200,True
10000000,memory,join_groupby,duckdb,5,24,37.613375,141.297,200,True
10000000,memory,join_groupby,duckdb,5,25,37.951125,142.427,200,True
10000000,parquet,filter_project,duckdb,5,21,48.32125,176.387,1980090,True
10000000,parquet,filter_project,duckdb,5,22,47.54525,173.151,1980090,True
10000000,parquet,filter_project,duckdb,5,23,47.3005,173.012,1980090,True
10000000,parquet,filter_project,duckdb,5,24,46.739666,171.098,1980090,True
10000000,parquet,filter_project,duckdb,5,25,47.070167,172.268,1980090,True
10000000,parquet,filter_project,pandas,5,21,61.173333,223.089,1980090,True
10000000,parquet,filter_project,pandas,5,22,57.212708,210.236,1980090,True
10000000,parquet,filter_project,pandas,5,23,61.798541,225.619,1980090,True
10000000,parquet,filter_project,pandas,5,24,59.201041,218.269,1980090,True
10000000,parquet,filter_project,pandas,5,25,57.806167,211.724,1980090,True
10000000,parquet,join_groupby,duckdb,5,21,45.586917,169.231,200,True
10000000,parquet,join_groupby,duckdb,5,22,44.818875,166.046,200,True
10000000,parquet,join_groupby,duckdb,5,23,45.381042,167.389,200,True
10000000,parquet,join_groupby,duckdb,5,24,44.6565,165.427,200,True
10000000,parquet,join_groupby,duckdb,5,25,45.676333,169.131,200,True
10000000,parquet,join_groupby,pandas,5,21,319.061917,409.211,200,True
10000000,parquet,join_groupby,pandas,5,22,319.763416,408.273,200,True
10000000,parquet,join_groupby,pandas,5,23,329.40025,416.467,200,True
10000000,parquet,join_groupby,pandas,5,24,403.086459,458.156,200,True
10000000,parquet,join_groupby,pandas,5,25,388.711584,442.485,200,True
10000000,memory,filter_project,duckdb,5,21,11.508791,33.267,1980090,True
10000000,memory,filter_project,duckdb,5,22,16.30275,37.87,1980090,True
10000000,memory,filter_project,duckdb,5,23,13.686125,42.064,1980090,True
10000000,memory,filter_project,duckdb,5,24,11.619625,34.157,1980090,True
10000000,memory,filter_project,duckdb,5,25,12.114083,36.07,1980090,True
10000000,memory,filter_project,pandas,5,21,15.55525,15.546,1980090,True
10000000,memory,filter_project,pandas,5,22,15.336083,15.34,1980090,True
10000000,memory,filter_project,pandas,5,23,15.098709,15.104,1980090,True
10000000,memory,filter_project,pandas,5,24,15.048791,15.03,1980090,True
10000000,memory,filter_project,pandas,5,25,15.128875,15.103,1980090,True
1000000,parquet,clean_derive,pandas,5,21,10.820791,22.978,1000000,True
1000000,parquet,clean_derive,pandas,5,22,9.406333,20.399,1000000,True
1000000,parquet,clean_derive,pandas,5,23,9.937625,21.159,1000000,True
1000000,parquet,clean_derive,pandas,5,24,9.931125,20.782,1000000,True
1000000,parquet,clean_derive,pandas,5,25,9.547042,20.795,1000000,True
1000000,parquet,clean_derive,duckdb,5,21,8.997666,25.855,1000000,True
1000000,parquet,clean_derive,duckdb,5,22,8.687417,24.855,1000000,True
1000000,parquet,clean_derive,duckdb,5,23,9.657541,26.724,1000000,True
1000000,parquet,clean_derive,duckdb,5,24,9.103584,26.205,1000000,True
1000000,parquet,clean_derive,duckdb,5,25,8.804625,25.45,1000000,True
100000,memory,groupby,duckdb,5,21,1.805291,2.214,50,True
100000,memory,groupby,duckdb,5,22,1.806791,2.258,50,True
100000,memory,groupby,duckdb,5,23,1.7795,2.534,50,True
100000,memory,groupby,duckdb,5,24,2.000958,2.919,50,True
100000,memory,groupby,duckdb,5,25,1.875792,2.424,50,True
100000,memory,groupby,pandas,5,21,2.647375,2.656,50,True
100000,memory,groupby,pandas,5,22,2.738166,2.746,50,True
100000,memory,groupby,pandas,5,23,2.591375,2.599,50,True
100000,memory,groupby,pandas,5,24,2.387875,2.396,50,True
100000,memory,groupby,pandas,5,25,2.529166,2.539,50,True
100000,memory,clean_derive,pandas,5,21,1.397542,1.398,100000,True
100000,memory,clean_derive,pandas,5,22,1.330875,1.338,100000,True
100000,memory,clean_derive,pandas,5,23,1.174583,1.183,100000,True
100000,memory,clean_derive,pandas,5,24,1.451292,1.459,100000,True
100000,memory,clean_derive,pandas,5,25,1.314958,1.325,100000,True
100000,memory,clean_derive,duckdb,5,21,2.361375,2.401,100000,True
100000,memory,clean_derive,duckdb,5,22,2.071583,2.096,100000,True
100000,memory,clean_derive,duckdb,5,23,2.691209,2.714,100000,True
100000,memory,clean_derive,duckdb,5,24,2.228917,2.263,100000,True
100000,memory,clean_derive,duckdb,5,25,2.12,2.153,100000,True
10000000,parquet,clean_derive,pandas,6,26,149.555625,285.791,10000000,True
10000000,parquet,clean_derive,pandas,6,27,148.003333,276.77,10000000,True
10000000,parquet,clean_derive,pandas,6,28,143.142334,273.686,10000000,True
10000000,parquet,clean_derive,pandas,6,29,150.228416,295.173,10000000,True
10000000,parquet,clean_derive,pandas,6,30,141.685333,269.664,10000000,True
10000000,parquet,clean_derive,duckdb,6,26,104.904083,303.644,10000000,True
10000000,parquet,clean_derive,duckdb,6,27,89.315334,261.84,10000000,True
10000000,parquet,clean_derive,duckdb,6,28,67.831292,235.362,10000000,True
10000000,parquet,clean_derive,duckdb,6,29,66.480208,231.707,10000000,True
10000000,parquet,clean_derive,duckdb,6,30,66.887417,232.242,10000000,True
1000000,parquet,clean_derive,duckdb,6,26,8.966583,26.946,1000000,True
1000000,parquet,clean_derive,duckdb,6,27,8.749833,27.036,1000000,True
1000000,parquet,clean_derive,duckdb,6,28,8.482625,24.322,1000000,True
1000000,parquet,clean_derive,duckdb,6,29,8.512833,24.179,1000000,True
1000000,parquet,clean_derive,duckdb,6,30,8.589167,26.883,1000000,True
1000000,parquet,clean_derive,pandas,6,26,9.833833,24.009,1000000,True
1000000,parquet,clean_derive,pandas,6,27,8.986792,19.872,1000000,True
1000000,parquet,clean_derive,pandas,6,28,9.153625,19.92,1000000,True
1000000,parquet,clean_derive,pandas,6,29,9.600792,21.053,1000000,True
1000000,parquet,clean_derive,pandas,6,30,8.947292,19.926,1000000,True
10000000,parquet,join_groupby,pandas,6,26,307.904042,397.816,200,True
10000000,parquet,join_groupby,pandas,6,27,320.234208,407.817,200,True
10000000,parquet,join_groupby,pandas,6,28,396.267209,434.688,200,True
10000000,parquet,join_groupby,pandas,6,29,389.42425,448.147,200,True
10000000,parquet,join_groupby,pandas,6,30,372.818708,436.809,200,True
10000000,parquet,join_groupby,duckdb,6,26,45.40225,167.155,200,True
10000000,parquet,join_groupby,duckdb,6,27,45.483958,169.631,200,True
10000000,parquet,join_groupby,duckdb,6,28,44.786625,165.724,200,True
10000000,parquet,join_groupby,duckdb,6,29,45.031541,167.194,200,True
10000000,parquet,join_groupby,duckdb,6,30,44.921667,166.212,200,True
100000,memory,filter_project,duckdb,6,26,1.158167,1.19,19886,True
100000,memory,filter_project,duckdb,6,27,0.9325,0.964,19886,True
100000,memory,filter_project,duckdb,6,28,1.279417,1.652,19886,True
100000,memory,filter_project,duckdb,6,29,1.117459,1.47,19886,True
100000,memory,filter_project,duckdb,6,30,1.036083,1.315,19886,True
100000,memory,filter_project,pandas,6,26,0.810792,0.818,19886,True
100000,memory,filter_project,pandas,6,27,0.620292,0.629,19886,True
100000,memory,filter_project,pandas,6,28,0.552833,0.561,19886,True
100000,memory,filter_project,pandas,6,29,0.643292,0.652,19886,True
100000,memory,filter_project,pandas,6,30,0.544709,0.552,19886,True
100000,parquet,filter_project,duckdb,6,26,2.356708,2.398,19886,True
100000,parquet,filter_project,duckdb,6,27,2.407708,2.444,19886,True
100000,parquet,filter_project,duckdb,6,28,2.311125,2.351,19886,True
100000,parquet,filter_project,duckdb,6,29,2.293084,2.327,19886,True
100000,parquet,filter_project,duckdb,6,30,2.365166,2.401,19886,True
100000,parquet,filter_project,pandas,6,26,3.0135,3.848,19886,True
100000,parquet,filter_project,pandas,6,27,2.799083,3.552,19886,True
100000,parquet,filter_project,pandas,6,28,2.585166,3.322,19886,True
100000,parquet,filter_project,pandas,6,29,2.659,3.428,19886,True
100000,parquet,filter_project,pandas,6,30,2.649,3.417,19886,True
10000000,parquet,groupby,pandas,6,26,100.616542,167.864,50,True
10000000,parquet,groupby,pandas,6,27,96.332791,162.516,50,True
10000000,parquet,groupby,pandas,6,28,97.689125,161.261,50,True
10000000,parquet,groupby,pandas,6,29,99.022083,165.155,50,True
10000000,parquet,groupby,pandas,6,30,96.221458,161.55,50,True
10000000,parquet,groupby,duckdb,6,26,28.762542,108.063,50,True
10000000,parquet,groupby,duckdb,6,27,29.2055,110.49,50,True
10000000,parquet,groupby,duckdb,6,28,27.9375,105.747,50,True
10000000,parquet,groupby,duckdb,6,29,29.600875,110.931,50,True
10000000,parquet,groupby,duckdb,6,30,28.086458,105.607,50,True
100000,parquet,groupby,pandas,6,26,4.042625,4.609,50,True
100000,parquet,groupby,pandas,6,27,3.379916,3.809,50,True
100000,parquet,groupby,pandas,6,28,3.790792,4.171,50,True
100000,parquet,groupby,pandas,6,29,4.201541,4.62,50,True
100000,parquet,groupby,pandas,6,30,3.446458,3.815,50,True
100000,parquet,groupby,duckdb,6,26,1.957334,2.016,50,True
100000,parquet,groupby,duckdb,6,27,1.990334,2.085,50,True
100000,parquet,groupby,duckdb,6,28,2.091583,2.171,50,True
100000,parquet,groupby,duckdb,6,29,1.944958,2.064,50,True
100000,parquet,groupby,duckdb,6,30,2.033458,2.096,50,True
1000000,memory,groupby,pandas,6,26,7.971334,7.957,50,True
1000000,memory,groupby,pandas,6,27,8.533542,8.535,50,True
1000000,memory,groupby,pandas,6,28,8.36625,8.371,50,True
1000000,memory,groupby,pandas,6,29,7.940417,7.941,50,True
1000000,memory,groupby,pandas,6,30,8.464167,8.443,50,True
1000000,memory,groupby,duckdb,6,26,2.833916,7.35,50,True
1000000,memory,groupby,duckdb,6,27,2.623792,7.098,50,True
1000000,memory,groupby,duckdb,6,28,2.538917,7.219,50,True
1000000,memory,groupby,duckdb,6,29,2.761959,7.209,50,True
1000000,memory,groupby,duckdb,6,30,2.73,7.555,50,True
10000000,memory,filter_project,pandas,6,26,15.365583,15.365,1980090,True
10000000,memory,filter_project,pandas,6,27,15.365,15.364,1980090,True
10000000,memory,filter_project,pandas,6,28,15.211208,15.187,1980090,True
10000000,memory,filter_project,pandas,6,29,15.114666,15.042,1980090,True
10000000,memory,filter_project,pandas,6,30,15.271042,15.247,1980090,True
10000000,memory,filter_project,duckdb,6,26,11.650958,34.705,1980090,True
10000000,memory,filter_project,duckdb,6,27,11.036209,32.248,1980090,True
10000000,memory,filter_project,duckdb,6,28,15.177417,38.72,1980090,True
10000000,memory,filter_project,duckdb,6,29,13.162084,37.912,1980090,True
10000000,memory,filter_project,duckdb,6,30,11.137292,32.634,1980090,True
1000000,memory,clean_derive,duckdb,6,26,5.388875,13.24,1000000,True
1000000,memory,clean_derive,duckdb,6,27,4.980625,12.694,1000000,True
1000000,memory,clean_derive,duckdb,6,28,5.01625,12.597,1000000,True
1000000,memory,clean_derive,duckdb,6,29,5.0145,12.588,1000000,True
1000000,memory,clean_derive,duckdb,6,30,4.864041,12.619,1000000,True
1000000,memory,clean_derive,pandas,6,26,3.4865,3.494,1000000,True
1000000,memory,clean_derive,pandas,6,27,3.195125,3.205,1000000,True
1000000,memory,clean_derive,pandas,6,28,3.370958,3.381,1000000,True
1000000,memory,clean_derive,pandas,6,29,3.775,3.764,1000000,True
1000000,memory,clean_derive,pandas,6,30,3.342125,3.348,1000000,True
100000,memory,groupby,pandas,6,26,2.536708,2.544,50,True
100000,memory,groupby,pandas,6,27,2.470542,2.462,50,True
100000,memory,groupby,pandas,6,28,2.66125,2.67,50,True
100000,memory,groupby,pandas,6,29,2.628458,2.633,50,True
100000,memory,groupby,pandas,6,30,2.522291,2.531,50,True
100000,memory,groupby,duckdb,6,26,1.648667,2.002,50,True
100000,memory,groupby,duckdb,6,27,1.56325,2.399,50,True
100000,memory,groupby,duckdb,6,28,1.426583,1.669,50,True
100000,memory,groupby,duckdb,6,29,1.7135,1.998,50,True
100000,memory,groupby,duckdb,6,30,1.411,1.661,50,True
1000000,parquet,filter_project,duckdb,6,26,6.7475,20.946,198279,True
1000000,parquet,filter_project,duckdb,6,27,6.158916,18.12,198279,True
1000000,parquet,filter_project,duckdb,6,28,6.265417,18.486,198279,True
1000000,parquet,filter_project,duckdb,6,29,6.388625,18.888,198279,True
1000000,parquet,filter_project,duckdb,6,30,6.288125,18.216,198279,True
1000000,parquet,filter_project,pandas,6,26,7.726833,22.742,198279,True
1000000,parquet,filter_project,pandas,6,27,7.300542,21.392,198279,True
1000000,parquet,filter_project,pandas,6,28,7.482583,21.521,198279,True
1000000,parquet,filter_project,pandas,6,29,7.102375,21.018,198279,True
1000000,parquet,filter_project,pandas,6,30,7.963625,23.023,198279,True
10000000,memory,groupby,duckdb,6,26,14.398209,54.398,50,True
10000000,memory,groupby,duckdb,6,27,14.440041,54.966,50,True
10000000,memory,groupby,duckdb,6,28,13.853083,52.524,50,True
10000000,memory,groupby,duckdb,6,29,14.245333,53.783,50,True
10000000,memory,groupby,duckdb,6,30,14.7575,55.582,50,True
10000000,memory,groupby,pandas,6,26,64.494666,64.365,50,True
10000000,memory,groupby,pandas,6,27,62.706542,62.56,50,True
10000000,memory,groupby,pandas,6,28,62.825125,62.634,50,True
10000000,memory,groupby,pandas,6,29,62.214167,62.097,50,True
10000000,memory,groupby,pandas,6,30,62.793125,62.682,50,True
10000000,memory,clean_derive,pandas,6,26,28.88025,28.839,10000000,True
10000000,memory,clean_derive,pandas,6,27,28.421334,28.37,10000000,True
10000000,memory,clean_derive,pandas,6,28,28.057167,28.053,10000000,True
10000000,memory,clean_derive,pandas,6,29,28.417084,28.381,10000000,True
10000000,memory,clean_derive,pandas,6,30,28.3145,28.248,10000000,True
10000000,memory,clean_derive,duckdb,6,26,37.676167,116.997,10000000,True
10000000,memory,clean_derive,duckdb,6,27,36.563375,115.032,10000000,True
10000000,memory,clean_derive,duckdb,6,28,36.804666,116.017,10000000,True
10000000,memory,clean_derive,duckdb,6,29,37.944875,118.604,10000000,True
10000000,memory,clean_derive,duckdb,6,30,39.355875,121.188,10000000,True
100000,parquet,join_groupby,duckdb,6,26,4.682458,5.283,200,True
100000,parquet,join_groupby,duckdb,6,27,4.388375,4.547,200,True
100000,parquet,join_groupby,duckdb,6,28,4.780875,5.333,200,True
100000,parquet,join_groupby,duckdb,6,29,4.771583,5.314,200,True
100000,parquet,join_groupby,duckdb,6,30,4.76575,6.944,200,True
100000,parquet,join_groupby,pandas,6,26,7.350542,8.234,200,True
100000,parquet,join_groupby,pandas,6,27,7.253459,8.098,200,True
100000,parquet,join_groupby,pandas,6,28,7.451666,8.347,200,True
100000,parquet,join_groupby,pandas,6,29,6.9345,7.688,200,True
100000,parquet,join_groupby,pandas,6,30,7.104625,7.861,200,True
10000000,parquet,filter_project,pandas,6,26,59.204,214.2,1980090,True
10000000,parquet,filter_project,pandas,6,27,56.996541,210.892,1980090,True
10000000,parquet,filter_project,pandas,6,28,56.629625,207.705,1980090,True
10000000,parquet,filter_project,pandas,6,29,58.108875,214.457,1980090,True
10000000,parquet,filter_project,pandas,6,30,56.5965,207.745,1980090,True
10000000,parquet,filter_project,duckdb,6,26,47.694375,173.267,1980090,True
10000000,parquet,filter_project,duckdb,6,27,47.815083,173.126,1980090,True
10000000,parquet,filter_project,duckdb,6,28,47.092125,170.724,1980090,True
10000000,parquet,filter_project,duckdb,6,29,46.508083,170.347,1980090,True
10000000,parquet,filter_project,duckdb,6,30,47.43875,172.047,1980090,True
1000000,parquet,groupby,duckdb,6,26,4.406917,12.284,50,True
1000000,parquet,groupby,duckdb,6,27,4.331125,13.313,50,True
1000000,parquet,groupby,duckdb,6,28,4.118125,11.994,50,True
1000000,parquet,groupby,duckdb,6,29,4.127292,11.72,50,True
1000000,parquet,groupby,duckdb,6,30,4.221666,11.971,50,True
1000000,parquet,groupby,pandas,6,26,13.467083,21.004,50,True
1000000,parquet,groupby,pandas,6,27,13.474708,20.947,50,True
1000000,parquet,groupby,pandas,6,28,11.174833,17.557,50,True
1000000,parquet,groupby,pandas,6,29,11.929208,17.67,50,True
1000000,parquet,groupby,pandas,6,30,11.217,16.851,50,True
100000,parquet,clean_derive,pandas,6,26,2.341208,3.364,100000,True
100000,parquet,clean_derive,pandas,6,27,2.240292,3.221,100000,True
100000,parquet,clean_derive,pandas,6,28,2.409875,3.501,100000,True
100000,parquet,clean_derive,pandas,6,29,2.190084,3.157,100000,True
100000,parquet,clean_derive,pandas,6,30,2.355541,3.341,100000,True
100000,parquet,clean_derive,duckdb,6,26,3.148958,5.402,100000,True
100000,parquet,clean_derive,duckdb,6,27,3.002375,3.043,100000,True
100000,parquet,clean_derive,duckdb,6,28,2.876875,2.912,100000,True
100000,parquet,clean_derive,duckdb,6,29,2.931084,2.963,100000,True
100000,parquet,clean_derive,duckdb,6,30,2.94725,2.99,100000,True
100000,memory,join_groupby,pandas,6,26,5.133,5.14,200,True
100000,memory,join_groupby,pandas,6,27,4.825959,4.835,200,True
100000,memory,join_groupby,pandas,6,28,4.683792,4.687,200,True
100000,memory,join_groupby,pandas,6,29,4.771709,4.773,200,True
100000,memory,join_groupby,pandas,6,30,4.818125,4.827,200,True
100000,memory,join_groupby,duckdb,6,26,4.021,5.218,200,True
100000,memory,join_groupby,duckdb,6,27,3.893041,4.252,200,True
100000,memory,join_groupby,duckdb,6,28,3.849833,4.135,200,True
100000,memory,join_groupby,duckdb,6,29,3.5765,3.85,200,True
100000,memory,join_groupby,duckdb,6,30,3.903791,4.295,200,True
1000000,memory,filter_project,pandas,6,26,2.104708,2.118,198279,True
1000000,memory,filter_project,pandas,6,27,2.029125,2.034,198279,True
1000000,memory,filter_project,pandas,6,28,1.908958,1.922,198279,True
1000000,memory,filter_project,pandas,6,29,2.058459,2.046,198279,True
1000000,memory,filter_project,pandas,6,30,2.033084,2.041,198279,True
1000000,memory,filter_project,duckdb,6,26,2.385041,5.121,198279,True
1000000,memory,filter_project,duckdb,6,27,2.088875,4.543,198279,True
1000000,memory,filter_project,duckdb,6,28,2.198042,4.765,198279,True
1000000,memory,filter_project,duckdb,6,29,1.915459,4.153,198279,True
1000000,memory,filter_project,duckdb,6,30,2.161792,4.587,198279,True
1000000,memory,join_groupby,pandas,6,26,26.622875,26.618,200,True
1000000,memory,join_groupby,pandas,6,27,26.790334,26.767,200,True
1000000,memory,join_groupby,pandas,6,28,26.656917,26.623,200,True
1000000,memory,join_groupby,pandas,6,29,26.206208,26.155,200,True
1000000,memory,join_groupby,pandas,6,30,26.550959,26.512,200,True
1000000,memory,join_groupby,duckdb,6,26,7.097792,17.922,200,True
1000000,memory,join_groupby,duckdb,6,27,7.203666,18.585,200,True
1000000,memory,join_groupby,duckdb,6,28,6.821916,18.604,200,True
1000000,memory,join_groupby,duckdb,6,29,7.021584,17.256,200,True
1000000,memory,join_groupby,duckdb,6,30,6.978417,17.688,200,True
1000000,parquet,join_groupby,duckdb,6,26,8.629917,21.836,200,True
1000000,parquet,join_groupby,duckdb,6,27,8.71725,21.303,200,True
1000000,parquet,join_groupby,duckdb,6,28,8.792209,22.969,200,True
1000000,parquet,join_groupby,duckdb,6,29,8.1395,19.977,200,True
1000000,parquet,join_groupby,duckdb,6,30,8.049125,20.181,200,True
1000000,parquet,join_groupby,pandas,6,26,33.028541,43.598,200,True
1000000,parquet,join_groupby,pandas,6,27,32.090916,40.344,200,True
1000000,parquet,join_groupby,pandas,6,28,31.211292,39.083,200,True
1000000,parquet,join_groupby,pandas,6,29,31.095834,39.49,200,True
1000000,parquet,join_groupby,pandas,6,30,31.550916,40.011,200,True
100000,memory,clean_derive,duckdb,6,26,2.155125,3.31,100000,True
100000,memory,clean_derive,duckdb,6,27,1.958708,3.083,100000,True
100000,memory,clean_derive,duckdb,6,28,1.888125,2.916,100000,True
100000,memory,clean_derive,duckdb,6,29,1.91475,3.022,100000,True
100000,memory,clean_derive,duckdb,6,30,2.132459,3.25,100000,True
100000,memory,clean_derive,pandas,6,26,0.842333,0.852,100000,True
100000,memory,clean_derive,pandas,6,27,0.992166,1.001,100000,True
100000,memory,clean_derive,pandas,6,28,0.828458,0.833,100000,True
100000,memory,clean_derive,pandas,6,29,0.699291,0.706,100000,True
100000,memory,clean_derive,pandas,6,30,0.919167,0.927,100000,True
10000000,memory,join_groupby,duckdb,6,26,37.688625,141.034,200,True
10000000,memory,join_groupby,duckdb,6,27,37.903083,142.526,200,True
10000000,memory,join_groupby,duckdb,6,28,37.333916,139.878,200,True
10000000,memory,join_groupby,duckdb,6,29,37.6565,140.276,200,True
10000000,memory,join_groupby,duckdb,6,30,38.316,145.444,200,True
10000000,memory,join_groupby,pandas,6,26,266.826208,266.137,200,True
10000000,memory,join_groupby,pandas,6,27,264.803792,264.399,200,True
10000000,memory,join_groupby,pandas,6,28,304.14275,294.671,200,True
10000000,memory,join_groupby,pandas,6,29,337.716208,297.521,200,True
10000000,memory,join_groupby,pandas,6,30,367.890417,320.912,200,True
