rows,mode,workload,engine,n,blocks,mean_ms,std_ms,min_ms,max_ms,median_ms,q1_ms,q3_ms,iqr_ms,p90_ms,p95_ms,p99_ms,mad_ms,cv_pct,mean_ci95_low_ms,mean_ci95_high_ms,input_million_rows_per_s,mean_cpu_ms,output_rows,tukey_outlier_count,import_rss_bytes,setup_rss_bytes,process_peak_rss_bytes,output_bytes
1000,parquet,clean_derive,duckdb,2,1,0.7551665,0.0836740667381477,0.696,0.814333,0.7551665,0.7255832499999999,0.78474975,0.0591665000000001,0.8024996999999999,0.80841635,0.8131496699999999,0.0591665,11.080214328647754,,,1.324211283207081,0.7925,1000,0,121683968.0,124567552.0,127877120.0,16132
1000,parquet,clean_derive,pandas,2,1,1.152771,0.0709171532987612,1.102625,1.202917,1.152771,1.127698,1.177844,0.0501459999999998,1.1928878,1.1979024,1.20191408,0.050146,6.151885612906749,,,0.8674749798528937,1.349,1000,0,121257984.0,121257984.0,130088960.0,16132
1000,parquet,filter_project,duckdb,2,1,0.6955205,0.0565395511168951,0.655541,0.7355,0.6955205,0.6755307500000001,0.71551025,0.0399794999999999,0.7275041000000001,0.73150205,0.7347004100000001,0.0399795,8.12909915910389,,,1.437772143308501,0.7375,189,0,121290752.0,124174336.0,127221760.0,4668
1000,parquet,filter_project,pandas,2,1,1.3258335,0.0184434661736887,1.312792,1.338875,1.3258335,1.31931275,1.33235425,0.0130415000000001,1.3362667,1.33757085,1.33861417,0.0130415,1.3910846402424415,,,0.7542425198940893,1.5135,189,0,121438208.0,121438208.0,130498560.0,4668
1000,parquet,groupby,duckdb,2,1,0.9264165,0.1717088609958728,0.805,1.047833,0.9264165,0.8657082500000001,0.98712475,0.1214164999999999,1.0235497,1.03569135,1.04540467,0.1214164999999999,18.534736913242895,,,1.0794280974054329,0.97,50,0,121602048.0,124289024.0,127647744.0,1732
1000,parquet,groupby,pandas,2,1,1.909,0.1211514332478158,1.823333,1.994667,1.909,1.8661665,1.9518335,0.0856669999999999,1.9775336,1.9861003,1.99295366,0.0856669999999999,6.346329662012354,,,0.5238344683080146,2.0745,50,0,121323520.0,121323520.0,130793472.0,1732
1000,parquet,join_groupby,duckdb,2,1,2.5135,0.0206828733497066,2.498875,2.528125,2.5135,2.5061875,2.5208125,0.0146249999999996,2.5252000000000003,2.5266625,2.5278325,0.0146250000000001,0.8228714282755787,,,0.3978516013526954,3.949,200,0,121749504.0,124436480.0,130973696.0,6532
1000,parquet,join_groupby,pandas,2,1,5.012874500000001,0.2024680059774876,4.869708,5.156041,5.012874500000001,4.94129125,5.08445775,0.1431665000000004,5.1274077,5.1417243500000005,5.15317767,0.1431664999999999,4.038960200928383,,,0.199486342616397,5.377000000000001,200,0,121683968.0,121683968.0,137019392.0,6532
1000,warehouse,clean_derive,snowflake,2,1,771.31225,988.4467149744496,72.374875,1470.249625,771.31225,421.8435625,1120.7809375,698.937375,1330.4621499999998,1400.3558875,1456.2708775,698.937375,128.15130512635443,,,0.0012964917904519,4.0585,1000,0,,,,16132
1000,warehouse,filter_project,snowflake,2,1,61.770458,1.9905055890401295,60.362958,63.177958,61.770458,61.066708,62.474208,1.4074999999999989,62.896458,63.037208,63.149808,1.4074999999999989,3.2224232318953017,,,0.0161889685195469,2.018,189,0,,,,4668
1000,warehouse,groupby,snowflake,2,1,141.570083,27.90154970214467,121.840708,161.299458,141.570083,131.7053955,151.43477049999998,19.729374999999976,157.353583,159.3265205,160.9048705,19.72937499999999,19.708648261613767,,,0.0070636392859923,4.4125,50,0,,,,1732
1000,warehouse,join_groupby,snowflake,2,1,135.908917,39.91140482720759,107.687292,164.130542,135.908917,121.7981045,150.01972949999998,28.22162499999999,158.48621699999998,161.3083795,163.56610949999998,28.221624999999996,29.366288620493968,,,0.0073578689468918,2.1790000000000003,200,0,,,,6532
10000,parquet,clean_derive,duckdb,2,1,0.897834,0.0677054742986119,0.849959,0.945709,0.897834,0.8738965000000001,0.9217715,0.0478749999999998,0.936134,0.9409215,0.9447515,0.047875,7.5409791006591345,,,11.137916363158444,0.9385,10000,0,121290752.0,124174336.0,127860736.0,160132
10000,parquet,clean_derive,pandas,2,1,1.220792,0.0635222305811122,1.175875,1.265709,1.220792,1.1983335,1.2432505,0.044917,1.2567256,1.2612173,1.26481066,0.0449169999999999,5.203362291128406,,,8.191403613391962,1.4914999999999998,10000,0,121028608.0,121028608.0,130842624.0,160132
10000,parquet,filter_project,duckdb,2,1,1.1840625,0.1713256091204698,1.062917,1.305208,1.1840625,1.1234897499999998,1.24463525,0.1211455000000001,1.2809789,1.29309345,1.30278509,0.1211455,14.46930454435216,,,8.44550013196094,1.1445,2004,0,121421824.0,124190720.0,127483904.0,48228
10000,parquet,filter_project,pandas,2,1,1.631021,0.0629028050407929,1.586542,1.6755,1.631021,1.6087815,1.6532605,0.0444790000000001,1.6666042,1.6710521,1.67461042,0.044479,3.8566520627749705,,,6.131128906372143,1.8365,2004,0,121536512.0,121536512.0,131596288.0,48228
10000,parquet,groupby,duckdb,2,1,0.848729,0.0120505137649811,0.840208,0.85725,0.848729,0.8444685,0.8529895,0.008521,0.8555457999999999,0.8563978999999999,0.85707958,0.008521,1.4198305660559667,,,11.782323922005729,0.9135,50,0,121454592.0,124256256.0,127713280.0,1732
10000,parquet,groupby,pandas,2,1,2.1892500000000004,0.1020001531861594,2.117125,2.261375,2.1892500000000004,2.1531875,2.2253125,0.0721250000000002,2.24695,2.2541625,2.2599325,0.072125,4.659136836184056,,,4.567774351947013,2.3804999999999996,50,0,121503744.0,121503744.0,131760128.0,1732
10000,parquet,join_groupby,duckdb,2,1,3.5517915,0.1115468018389588,3.472916,3.630667,3.5517915,3.51235375,3.59122925,0.0788755000000001,3.6148919,3.62277945,3.62908949,0.0788754999999998,3.1405785457552584,,,2.8154805821231337,5.8175,200,0,121307136.0,124108800.0,131284992.0,6532
10000,parquet,join_groupby,pandas,2,1,4.8029165,0.1171442591188317,4.720083,4.88575,4.8029165,4.76149975,4.84433325,0.0828335000000004,4.8691832999999995,4.87746665,4.88409333,0.0828335,2.439023437505769,,,2.082068259983283,5.179,200,0,121552896.0,121552896.0,140115968.0,6532
10000,warehouse,clean_derive,snowflake,2,1,210.520854,77.51230854840334,155.711375,265.330333,210.520854,183.1161145,237.9255935,54.80947899999998,254.3684372,259.8493851,264.23414342,54.809479,36.81930178204737,,,0.0475012323482214,3.797,10000,0,,,,160132
10000,warehouse,filter_project,snowflake,2,1,100.478292,9.127924058611464,94.023875,106.932709,100.478292,97.2510835,103.7055005,6.454416999999992,105.6418256,106.2872673,106.80362066,6.454416999999999,9.08447374743538,,,0.0995239847428935,2.2985,2004,0,,,,48228
10000,warehouse,groupby,snowflake,2,1,200.779396,23.752040634961904,183.984167,217.574625,200.779396,192.3817815,209.1770105,16.795228999999978,214.2155792,215.8951021,217.23872042,16.795228999999992,11.829919358339888,,,0.0498059073750774,3.358,50,0,,,,1732
10000,warehouse,join_groupby,snowflake,2,1,226.41625,46.21449527773487,193.737667,259.094833,226.41625,210.0769585,242.7555415,32.678583,252.5591164,255.8269747,258.44126134,32.678583,20.41129789833321,,,0.0441664412337895,4.654999999999999,200,0,,,,6532
100000,parquet,clean_derive,duckdb,2,1,2.763021,0.1231836581369458,2.675917,2.850125,2.763021,2.719469,2.806573,0.0871039999999996,2.8327042,2.8414146,2.8483829199999997,0.0871039999999998,4.458296123588848,,,36.19226925890176,2.7965,100000,0,121700352.0,124420096.0,131399680.0,1600132
100000,parquet,clean_derive,pandas,2,1,2.1833545,0.0013852221843446,2.182375,2.184334,2.1833545,2.18286475,2.18384425,0.0009794999999996,2.1841381,2.18423605,2.1843144100000003,0.0009795000000001,0.0634446758116757,,,45.80108269179375,3.2725,100000,0,121323520.0,121323520.0,140296192.0,1600132
100000,parquet,filter_project,duckdb,2,1,2.4774795000000003,0.0502335728422733,2.441959,2.513,2.4774795000000003,2.45971925,2.49523975,0.0355205,2.5058959,2.50944795,2.51228959,0.0355204999999998,2.0276080121863087,,,40.3636034122583,2.5195,19886,0,121307136.0,124157952.0,129810432.0,477396
100000,parquet,filter_project,pandas,2,1,2.8886255,0.0702984348652229,2.838917,2.938334,2.8886255,2.86377125,2.9134797499999996,0.0497084999999994,2.9283922999999996,2.93336315,2.93733983,0.0497084999999999,2.4336292421853543,,,34.618540894276535,3.764,19886,0,121389056.0,121389056.0,140050432.0,477396
100000,parquet,groupby,duckdb,2,1,1.5170625,0.0197106015255749,1.503125,1.531,1.5170625,1.51009375,1.52403125,0.0139374999999999,1.5282125,1.5296062499999998,1.5307212499999998,0.0139374999999999,1.2992610077419304,,,65.9168623573518,1.5785,50,0,121470976.0,124223488.0,128565248.0,1732
100000,parquet,groupby,pandas,2,1,3.1554165,0.1357637948810359,3.059417,3.251416,3.1554165,3.1074167499999996,3.20341625,0.0959995000000004,3.2322161,3.2418160499999997,3.2494960099999997,0.0959995,4.302563382077642,,,31.6915373929242,3.5155000000000003,50,0,121487360.0,121487360.0,138412032.0,1732
100000,parquet,join_groupby,duckdb,2,1,4.5685,0.0024748737341528,4.56675,4.57025,4.5685,4.567625,4.569375,0.0017500000000003,4.5699,4.570075,4.570215,0.0017499999999999,0.0541725672354777,,,21.889022655138447,5.7095,200,0,121634816.0,124387328.0,134414336.0,6532
100000,parquet,join_groupby,pandas,2,1,8.3442915,0.5480664452824124,7.95675,8.731833,8.3442915,8.15052075,8.53806225,0.3875414999999993,8.6543247,8.69307885,8.724082169999999,0.3875414999999997,6.568160343899927,,,11.984240962818712,9.1745,200,0,121274368.0,121274368.0,147554304.0,6532
100000,warehouse,clean_derive,snowflake,2,1,491.270354,94.83377303704428,424.21275,558.327958,491.270354,457.741552,524.799156,67.05760400000003,544.9164372,551.6221975999999,556.9868059199999,67.05760399999997,19.303785026898705,,,0.2035539071018317,11.729,100000,0,,,,1600132
100000,warehouse,filter_project,snowflake,2,1,337.064521,31.34589653178916,314.899625,359.229417,337.064521,325.982073,348.146969,22.164896,354.79643780000004,357.0129274,358.78611908,22.164896,9.299672489644545,,,0.2966791037612647,6.1955,19886,0,,,,477396
100000,warehouse,groupby,snowflake,2,1,93.546875,31.092428449218605,71.561208,115.532542,93.546875,82.5540415,104.5397085,21.985667000000007,111.1354086,113.3339753,115.09282866,21.985667000000007,33.237271099882925,,,1.068982796058126,2.3885,50,0,,,,1732
100000,warehouse,join_groupby,snowflake,2,1,138.5698535,31.941339131411077,115.983916,161.155791,138.5698535,127.27688475,149.86282225,22.5859375,156.6386035,158.89719725,160.70407225,22.5859375,23.05071292538465,,,0.7216576872544648,2.621,200,0,,,,6532
