rows,mode,workload,engine,block,run,elapsed_ms,execute_roundtrip_ms,fetch_dataframe_ms,cpu_ms,output_rows,validated
100000,warehouse,clean_derive,doris,1,1,189.491625,175.61875,13.872875,160.106,100000,True
100000,warehouse,clean_derive,doris,1,2,178.434166,164.634916,13.79925,156.889,100000,True
100000,warehouse,clean_derive,doris,1,3,177.508667,164.041708,13.466959,156.817,100000,True
100000,warehouse,clean_derive,doris,1,4,185.583875,171.408375,14.1755,157.998,100000,True
100000,warehouse,clean_derive,doris,1,5,191.839333,177.972041,13.867292,157.764,100000,True
1000000,warehouse,clean_derive,doris,1,1,1638.867959,1498.028459,140.8395,1601.719,1000000,True
1000000,warehouse,clean_derive,doris,1,2,1695.460375,1551.917917,143.542458,1653.993,1000000,True
1000000,warehouse,clean_derive,doris,1,3,1689.374709,1548.634792,140.739917,1651.904,1000000,True
1000000,warehouse,clean_derive,doris,1,4,1683.08225,1539.10625,143.976,1641.679,1000000,True
1000000,warehouse,clean_derive,doris,1,5,1625.827417,1486.728,139.099417,1588.374,1000000,True
10000000,warehouse,clean_derive,doris,1,1,16195.254166,14823.855208,1371.398958,16118.308,10000000,True
10000000,warehouse,clean_derive,doris,1,2,16111.273542,14718.954334,1392.319208,16042.119,10000000,True
10000000,warehouse,clean_derive,doris,1,3,16030.784709,14613.4995,1417.285209,15899.414,10000000,True
10000000,warehouse,clean_derive,doris,1,4,16373.593541,14974.125416,1399.468125,16281.206,10000000,True
10000000,warehouse,clean_derive,doris,1,5,16464.692709,15058.708834,1405.983875,16378.779,10000000,True
100000,warehouse,filter_project,doris,1,1,49.668125,45.450959,4.217166,39.019,19886,True
100000,warehouse,filter_project,doris,1,2,48.422958,44.287583,4.135375,38.097,19886,True
100000,warehouse,filter_project,doris,1,3,47.6065,43.332167,4.274333,37.998,19886,True
100000,warehouse,filter_project,doris,1,4,47.035333,42.897167,4.138166,37.835,19886,True
100000,warehouse,filter_project,doris,1,5,46.944333,42.742125,4.202208,37.384,19886,True
1000000,warehouse,filter_project,doris,1,1,401.506667,362.51225,38.994417,372.075,198279,True
1000000,warehouse,filter_project,doris,1,2,407.452708,366.159125,41.293583,375.104,198279,True
1000000,warehouse,filter_project,doris,1,3,401.296792,360.214,41.082792,371.253,198279,True
1000000,warehouse,filter_project,doris,1,4,399.380333,359.400125,39.980208,367.854,198279,True
1000000,warehouse,filter_project,doris,1,5,401.625708,361.526167,40.099541,371.099,198279,True
100000,warehouse,groupby,doris,1,1,10.273042,10.037375,0.235667,0.513,50,True
100000,warehouse,groupby,doris,1,2,9.788959,9.547875,0.241084,0.514,50,True
100000,warehouse,groupby,doris,1,3,9.831791,9.602416,0.229375,0.49,50,True
100000,warehouse,groupby,doris,1,4,10.588125,10.341041,0.247084,0.531,50,True
100000,warehouse,groupby,doris,1,5,9.987708,9.754958,0.23275,0.499,50,True
1000000,warehouse,join_groupby,doris,1,1,16.777458,16.487708,0.28975,0.85,200,True
1000000,warehouse,join_groupby,doris,1,2,16.1385,15.89725,0.24125,0.757,200,True
1000000,warehouse,join_groupby,doris,1,3,16.296084,16.027,0.269084,0.793,200,True
1000000,warehouse,join_groupby,doris,1,4,15.692958,15.443417,0.249541,0.797,200,True
1000000,warehouse,join_groupby,doris,1,5,15.901292,15.629709,0.271583,0.809,200,True
10000000,warehouse,filter_project,doris,1,1,3736.783542,3336.889125,399.894417,3692.689,1980090,True
10000000,warehouse,filter_project,doris,1,2,3707.090792,3323.610834,383.479958,3670.53,1980090,True
10000000,warehouse,filter_project,doris,1,3,3730.533583,3330.4525,400.081083,3687.503,1980090,True
10000000,warehouse,filter_project,doris,1,4,3743.524167,3350.963583,392.560584,3699.512,1980090,True
10000000,warehouse,filter_project,doris,1,5,3732.678959,3337.489417,395.189542,3690.735,1980090,True
10000000,warehouse,groupby,doris,1,1,23.202791,22.959,0.243791,0.526,50,True
10000000,warehouse,groupby,doris,1,2,23.457125,23.232375,0.22475,0.482,50,True
10000000,warehouse,groupby,doris,1,3,22.867292,22.626459,0.240833,0.517,50,True
10000000,warehouse,groupby,doris,1,4,23.009458,22.769167,0.240291,0.522,50,True
10000000,warehouse,groupby,doris,1,5,22.44775,22.2075,0.24025,0.536,50,True
1000000,warehouse,groupby,doris,1,1,11.369583,11.1085,0.261083,0.56,50,True
1000000,warehouse,groupby,doris,1,2,13.727958,13.480708,0.24725,0.523,50,True
1000000,warehouse,groupby,doris,1,3,11.603875,11.333375,0.2705,0.552,50,True
1000000,warehouse,groupby,doris,1,4,11.307917,11.0135,0.294417,0.583,50,True
1000000,warehouse,groupby,doris,1,5,12.763042,12.52075,0.242292,0.531,50,True
10000000,warehouse,join_groupby,doris,1,1,42.088625,41.800083,0.288542,0.873,200,True
10000000,warehouse,join_groupby,doris,1,2,40.4995,40.222916,0.276584,0.842,200,True
10000000,warehouse,join_groupby,doris,1,3,54.325042,54.03325,0.291792,0.868,200,True
10000000,warehouse,join_groupby,doris,1,4,53.185542,52.915417,0.270125,0.821,200,True
10000000,warehouse,join_groupby,doris,1,5,47.523542,47.089625,0.433917,0.956,200,True
100000,warehouse,join_groupby,doris,1,1,11.886125,11.611458,0.274667,0.83,200,True
100000,warehouse,join_groupby,doris,1,2,12.104375,11.820666,0.283709,0.852,200,True
100000,warehouse,join_groupby,doris,1,3,11.893416,11.611666,0.28175,0.872,200,True
100000,warehouse,join_groupby,doris,1,4,11.266625,11.019,0.247625,0.776,200,True
100000,warehouse,join_groupby,doris,1,5,11.598125,11.295166,0.302959,0.881,200,True
1000000,warehouse,join_groupby,doris,2,6,15.110667,14.850875,0.259792,0.868,200,True
1000000,warehouse,join_groupby,doris,2,7,14.147542,13.879625,0.267917,0.828,200,True
1000000,warehouse,join_groupby,doris,2,8,14.843916,14.588041,0.255875,0.799,200,True
1000000,warehouse,join_groupby,doris,2,9,14.339458,14.062625,0.276833,0.799,200,True
1000000,warehouse,join_groupby,doris,2,10,15.069541,14.816833,0.252708,0.771,200,True
10000000,warehouse,join_groupby,doris,2,6,36.905958,36.625,0.280958,0.836,200,True
10000000,warehouse,join_groupby,doris,2,7,49.580541,49.316208,0.264333,0.847,200,True
10000000,warehouse,join_groupby,doris,2,8,47.350417,47.102959,0.247458,0.815,200,True
10000000,warehouse,join_groupby,doris,2,9,48.478417,48.162125,0.316292,0.919,200,True
10000000,warehouse,join_groupby,doris,2,10,46.461125,46.181417,0.279708,0.846,200,True
100000,warehouse,filter_project,doris,2,6,47.361708,43.141625,4.220083,39.435,19886,True
100000,warehouse,filter_project,doris,2,7,46.388792,42.135958,4.252834,38.05,19886,True
100000,warehouse,filter_project,doris,2,8,46.939416,42.769,4.170416,37.878,19886,True
100000,warehouse,filter_project,doris,2,9,49.198167,44.881625,4.316542,38.318,19886,True
100000,warehouse,filter_project,doris,2,10,46.810542,42.734583,4.075959,37.175,19886,True
1000000,warehouse,groupby,doris,2,6,11.377583,11.140291,0.237292,0.526,50,True
1000000,warehouse,groupby,doris,2,7,10.358917,10.121542,0.237375,0.524,50,True
1000000,warehouse,groupby,doris,2,8,10.303291,10.057333,0.245958,0.554,50,True
1000000,warehouse,groupby,doris,2,9,10.274916,10.049333,0.225583,0.564,50,True
1000000,warehouse,groupby,doris,2,10,10.150084,9.901584,0.2485,0.545,50,True
10000000,warehouse,filter_project,doris,2,6,3778.261417,3375.492292,402.769125,3735.692,1980090,True
10000000,warehouse,filter_project,doris,2,7,3825.835666,3430.539166,395.2965,3773.993,1980090,True
10000000,warehouse,filter_project,doris,2,8,3720.973083,3331.988208,388.984875,3683.32,1980090,True
10000000,warehouse,filter_project,doris,2,9,3735.095917,3338.046417,397.0495,3696.234,1980090,True
10000000,warehouse,filter_project,doris,2,10,3729.017417,3333.093042,395.924375,3688.377,1980090,True
10000000,warehouse,clean_derive,doris,2,6,16213.606833,14820.138542,1393.468291,16151.71,10000000,True
10000000,warehouse,clean_derive,doris,2,7,16338.292333,14897.71125,1440.581083,16274.685,10000000,True
10000000,warehouse,clean_derive,doris,2,8,16354.865167,14987.849292,1367.015875,16286.16,10000000,True
10000000,warehouse,clean_derive,doris,2,9,16197.69025,14833.237292,1364.452958,16135.29,10000000,True
10000000,warehouse,clean_derive,doris,2,10,16200.959666,14826.07025,1374.889416,16137.946,10000000,True
1000000,warehouse,clean_derive,doris,2,6,1624.491667,1483.880167,140.6115,1592.994,1000000,True
1000000,warehouse,clean_derive,doris,2,7,1627.075458,1486.910083,140.165375,1597.82,1000000,True
1000000,warehouse,clean_derive,doris,2,8,1631.410792,1494.333334,137.077458,1601.44,1000000,True
1000000,warehouse,clean_derive,doris,2,9,1643.077333,1498.214458,144.862875,1608.783,1000000,True
1000000,warehouse,clean_derive,doris,2,10,1637.822875,1489.417333,148.405542,1606.757,1000000,True
100000,warehouse,clean_derive,doris,2,6,181.071292,166.33725,14.734042,164.078,100000,True
100000,warehouse,clean_derive,doris,2,7,187.664542,172.360875,15.303667,169.916,100000,True
100000,warehouse,clean_derive,doris,2,8,185.876958,172.055416,13.821542,166.772,100000,True
100000,warehouse,clean_derive,doris,2,9,177.281,162.79525,14.48575,159.352,100000,True
100000,warehouse,clean_derive,doris,2,10,193.4245,179.338125,14.086375,165.915,100000,True
100000,warehouse,join_groupby,doris,2,6,12.391167,12.10475,0.286417,0.875,200,True
100000,warehouse,join_groupby,doris,2,7,12.081833,11.786833,0.295,0.839,200,True
100000,warehouse,join_groupby,doris,2,8,12.448625,12.160083,0.288542,0.863,200,True
100000,warehouse,join_groupby,doris,2,9,12.327916,12.04475,0.283166,0.862,200,True
100000,warehouse,join_groupby,doris,2,10,12.168042,11.916,0.252042,0.832,200,True
1000000,warehouse,filter_project,doris,2,6,387.581834,347.410625,40.171209,367.963,198279,True
1000000,warehouse,filter_project,doris,2,7,396.412375,357.02975,39.382625,366.177,198279,True
1000000,warehouse,filter_project,doris,2,8,398.743625,359.926584,38.817041,367.882,198279,True
1000000,warehouse,filter_project,doris,2,9,400.041833,360.539958,39.501875,368.874,198279,True
1000000,warehouse,filter_project,doris,2,10,399.621875,361.836166,37.785709,370.054,198279,True
10000000,warehouse,groupby,doris,2,6,25.690709,25.441084,0.249625,0.55,50,True
10000000,warehouse,groupby,doris,2,7,23.257333,23.012833,0.2445,0.53,50,True
10000000,warehouse,groupby,doris,2,8,23.513917,23.287459,0.226458,0.526,50,True
10000000,warehouse,groupby,doris,2,9,20.570209,20.356875,0.213334,0.496,50,True
10000000,warehouse,groupby,doris,2,10,21.172625,20.964208,0.208417,0.457,50,True
100000,warehouse,groupby,doris,2,6,6.923125,6.711916,0.211209,0.477,50,True
100000,warehouse,groupby,doris,2,7,7.958083,7.759667,0.198416,0.483,50,True
100000,warehouse,groupby,doris,2,8,7.257375,7.04125,0.216125,0.459,50,True
100000,warehouse,groupby,doris,2,9,7.51725,7.247041,0.270209,0.595,50,True
100000,warehouse,groupby,doris,2,10,7.75725,7.526917,0.230333,0.522,50,True
100000,warehouse,join_groupby,doris,3,11,10.754166,10.451416,0.30275,0.826,200,True
100000,warehouse,join_groupby,doris,3,12,10.555291,10.305583,0.249708,0.838,200,True
100000,warehouse,join_groupby,doris,3,13,11.739625,11.51275,0.226875,0.74,200,True
100000,warehouse,join_groupby,doris,3,14,10.751042,10.44425,0.306792,0.84,200,True
100000,warehouse,join_groupby,doris,3,15,10.915708,10.6285,0.287208,0.822,200,True
10000000,warehouse,filter_project,doris,3,11,3707.438709,3302.341834,405.096875,3671.582,1980090,True
10000000,warehouse,filter_project,doris,3,12,3700.833875,3319.256416,381.577459,3666.407,1980090,True
10000000,warehouse,filter_project,doris,3,13,3702.909042,3312.048917,390.860125,3667.387,1980090,True
10000000,warehouse,filter_project,doris,3,14,3702.404875,3302.368875,400.036,3665.353,1980090,True
10000000,warehouse,filter_project,doris,3,15,3694.554417,3297.508834,397.045583,3653.933,1980090,True
100000,warehouse,clean_derive,doris,3,11,187.442625,173.044875,14.39775,160.202,100000,True
100000,warehouse,clean_derive,doris,3,12,187.243417,173.697542,13.545875,159.751,100000,True
100000,warehouse,clean_derive,doris,3,13,184.780333,170.950458,13.829875,160.457,100000,True
100000,warehouse,clean_derive,doris,3,14,185.532375,171.530084,14.002291,160.109,100000,True
100000,warehouse,clean_derive,doris,3,15,189.408541,174.895958,14.512583,162.455,100000,True
100000,warehouse,groupby,doris,3,11,11.872,11.643,0.229,0.527,50,True
100000,warehouse,groupby,doris,3,12,8.295166,8.080708,0.214458,0.474,50,True
100000,warehouse,groupby,doris,3,13,7.550417,7.331834,0.218583,0.483,50,True
100000,warehouse,groupby,doris,3,14,7.20225,6.961792,0.240458,0.517,50,True
100000,warehouse,groupby,doris,3,15,7.451208,7.221333,0.229875,0.512,50,True
10000000,warehouse,clean_derive,doris,3,11,16673.969458,15209.110208,1464.85925,16508.952,10000000,True
10000000,warehouse,clean_derive,doris,3,12,16462.324042,15061.446625,1400.877417,16364.382,10000000,True
10000000,warehouse,clean_derive,doris,3,13,16553.130916,15076.085083,1477.045833,16454.652,10000000,True
10000000,warehouse,clean_derive,doris,3,14,17352.32075,15853.888833,1498.431917,17281.142,10000000,True
10000000,warehouse,clean_derive,doris,3,15,17474.453916,15953.133125,1521.320791,17323.944,10000000,True
10000000,warehouse,groupby,doris,3,11,22.824917,22.53025,0.294667,0.609,50,True
10000000,warehouse,groupby,doris,3,12,22.319625,22.074084,0.245541,0.567,50,True
10000000,warehouse,groupby,doris,3,13,23.411209,23.165625,0.245584,0.546,50,True
10000000,warehouse,groupby,doris,3,14,23.341917,23.08375,0.258167,0.552,50,True
10000000,warehouse,groupby,doris,3,15,22.569458,22.325791,0.243667,0.512,50,True
1000000,warehouse,groupby,doris,3,11,9.247333,9.013542,0.233791,0.511,50,True
1000000,warehouse,groupby,doris,3,12,9.721292,9.48675,0.234542,0.537,50,True
1000000,warehouse,groupby,doris,3,13,9.225125,8.942709,0.282416,0.57,50,True
1000000,warehouse,groupby,doris,3,14,9.210583,8.968667,0.241916,0.534,50,True
1000000,warehouse,groupby,doris,3,15,9.041209,8.803417,0.237792,0.539,50,True
1000000,warehouse,clean_derive,doris,3,11,1737.235167,1586.443375,150.791792,1715.623,1000000,True
1000000,warehouse,clean_derive,doris,3,12,1753.665083,1601.816542,151.848541,1733.763,1000000,True
1000000,warehouse,clean_derive,doris,3,13,1703.717208,1556.464333,147.252875,1681.254,1000000,True
1000000,warehouse,clean_derive,doris,3,14,1707.030459,1556.516709,150.51375,1684.108,1000000,True
1000000,warehouse,clean_derive,doris,3,15,1688.974917,1539.381584,149.593333,1666.42,1000000,True
10000000,warehouse,join_groupby,doris,3,11,47.378625,47.089458,0.289167,0.897,200,True
10000000,warehouse,join_groupby,doris,3,12,30.174542,29.803958,0.370584,1.002,200,True
10000000,warehouse,join_groupby,doris,3,13,29.022125,28.724125,0.298,0.916,200,True
10000000,warehouse,join_groupby,doris,3,14,37.266792,36.977292,0.2895,0.858,200,True
10000000,warehouse,join_groupby,doris,3,15,45.190958,44.916542,0.274416,0.868,200,True
100000,warehouse,filter_project,doris,3,11,49.546708,45.023583,4.523125,41.625,19886,True
100000,warehouse,filter_project,doris,3,12,49.704041,45.379375,4.324666,40.783,19886,True
100000,warehouse,filter_project,doris,3,13,48.023208,43.430416,4.592792,40.279,19886,True
100000,warehouse,filter_project,doris,3,14,47.967041,43.480666,4.486375,39.587,19886,True
100000,warehouse,filter_project,doris,3,15,47.706583,43.045458,4.661125,40.111,19886,True
1000000,warehouse,join_groupby,doris,3,11,14.326041,14.012083,0.313958,0.968,200,True
1000000,warehouse,join_groupby,doris,3,12,13.186833,12.897875,0.288958,0.92,200,True
1000000,warehouse,join_groupby,doris,3,13,14.386,14.081875,0.304125,0.915,200,True
1000000,warehouse,join_groupby,doris,3,14,14.09025,13.817875,0.272375,0.857,200,True
1000000,warehouse,join_groupby,doris,3,15,13.898416,13.612416,0.286,0.916,200,True
1000000,warehouse,filter_project,doris,3,11,416.835583,373.587833,43.24775,397.09,198279,True
1000000,warehouse,filter_project,doris,3,12,407.895167,364.364958,43.530209,390.329,198279,True
1000000,warehouse,filter_project,doris,3,13,404.839583,362.857333,41.98225,385.044,198279,True
1000000,warehouse,filter_project,doris,3,14,408.558541,365.509125,43.049416,389.317,198279,True
1000000,warehouse,filter_project,doris,3,15,410.872542,368.087875,42.784667,387.265,198279,True
1000000,warehouse,filter_project,doris,4,16,415.029708,372.765541,42.264167,392.378,198279,True
1000000,warehouse,filter_project,doris,4,17,405.237291,363.568875,41.668416,385.925,198279,True
1000000,warehouse,filter_project,doris,4,18,441.153833,400.656916,40.496917,390.315,198279,True
1000000,warehouse,filter_project,doris,4,19,409.228291,366.696708,42.531583,385.584,198279,True
1000000,warehouse,filter_project,doris,4,20,412.792791,371.318625,41.474166,388.308,198279,True
10000000,warehouse,clean_derive,doris,4,16,17035.722333,15457.786167,1577.936166,16893.458,10000000,True
10000000,warehouse,clean_derive,doris,4,17,17249.991667,15837.547417,1412.44425,17145.46,10000000,True
10000000,warehouse,clean_derive,doris,4,18,16747.09075,15283.24375,1463.847,16666.147,10000000,True
10000000,warehouse,clean_derive,doris,4,19,17100.344417,15591.300083,1509.044334,17046.195,10000000,True
10000000,warehouse,clean_derive,doris,4,20,16451.146791,15054.817833,1396.328958,16369.75,10000000,True
1000000,warehouse,groupby,doris,4,16,12.753542,12.501042,0.2525,0.554,50,True
1000000,warehouse,groupby,doris,4,17,10.102375,9.842791,0.259584,0.547,50,True
1000000,warehouse,groupby,doris,4,18,9.402542,9.150875,0.251667,0.545,50,True
1000000,warehouse,groupby,doris,4,19,9.816084,9.607667,0.208417,0.47,50,True
1000000,warehouse,groupby,doris,4,20,10.638209,10.354584,0.283625,0.583,50,True
100000,warehouse,filter_project,doris,4,16,46.239334,41.908792,4.330542,38.154,19886,True
100000,warehouse,filter_project,doris,4,17,45.555459,41.368959,4.1865,37.986,19886,True
100000,warehouse,filter_project,doris,4,18,47.4965,43.205125,4.291375,38.483,19886,True
100000,warehouse,filter_project,doris,4,19,47.073375,42.631458,4.441917,38.285,19886,True
100000,warehouse,filter_project,doris,4,20,46.765584,42.669375,4.096209,37.766,19886,True
100000,warehouse,join_groupby,doris,4,16,13.112208,12.826083,0.286125,0.869,200,True
100000,warehouse,join_groupby,doris,4,17,13.128125,12.848,0.280125,0.874,200,True
100000,warehouse,join_groupby,doris,4,18,12.060375,11.775375,0.285,0.912,200,True
100000,warehouse,join_groupby,doris,4,19,12.023166,11.736041,0.287125,0.865,200,True
100000,warehouse,join_groupby,doris,4,20,12.665375,12.382875,0.2825,0.9,200,True
1000000,warehouse,clean_derive,doris,4,16,1641.872458,1499.402125,142.470333,1610.738,1000000,True
1000000,warehouse,clean_derive,doris,4,17,1647.179875,1504.071792,143.108083,1617.854,1000000,True
1000000,warehouse,clean_derive,doris,4,18,1650.310292,1513.493042,136.81725,1624.867,1000000,True
1000000,warehouse,clean_derive,doris,4,19,1637.203959,1498.675917,138.528042,1608.24,1000000,True
1000000,warehouse,clean_derive,doris,4,20,1684.252042,1546.643708,137.608334,1646.363,1000000,True
1000000,warehouse,join_groupby,doris,4,16,14.519125,14.233125,0.286,0.861,200,True
1000000,warehouse,join_groupby,doris,4,17,14.462292,14.173083,0.289209,0.836,200,True
1000000,warehouse,join_groupby,doris,4,18,15.55525,15.276708,0.278542,0.851,200,True
1000000,warehouse,join_groupby,doris,4,19,14.376791,14.089708,0.287083,0.906,200,True
1000000,warehouse,join_groupby,doris,4,20,14.968667,14.680875,0.287792,0.917,200,True
100000,warehouse,clean_derive,doris,4,16,178.6775,164.364083,14.313417,163.897,100000,True
100000,warehouse,clean_derive,doris,4,17,179.195458,164.337208,14.85825,163.35,100000,True
100000,warehouse,clean_derive,doris,4,18,182.517875,168.037167,14.480708,161.426,100000,True
100000,warehouse,clean_derive,doris,4,19,181.505,167.459666,14.045334,158.952,100000,True
100000,warehouse,clean_derive,doris,4,20,184.850375,171.045084,13.805291,160.757,100000,True
10000000,warehouse,groupby,doris,4,16,25.169,24.895666,0.273334,0.58,50,True
10000000,warehouse,groupby,doris,4,17,23.364875,23.125666,0.239209,0.527,50,True
10000000,warehouse,groupby,doris,4,18,22.029334,21.781709,0.247625,0.529,50,True
10000000,warehouse,groupby,doris,4,19,21.773417,21.56175,0.211667,0.47,50,True
10000000,warehouse,groupby,doris,4,20,20.668167,20.456625,0.211542,0.466,50,True
100000,warehouse,groupby,doris,4,16,7.294708,7.075625,0.219083,0.483,50,True
100000,warehouse,groupby,doris,4,17,7.177625,6.934083,0.243542,0.52,50,True
100000,warehouse,groupby,doris,4,18,6.975084,6.722375,0.252709,0.544,50,True
100000,warehouse,groupby,doris,4,19,7.862417,7.633334,0.229083,0.512,50,True
100000,warehouse,groupby,doris,4,20,7.062291,6.847208,0.215083,0.493,50,True
10000000,warehouse,filter_project,doris,4,16,3697.108417,3311.085792,386.022625,3655.397,1980090,True
10000000,warehouse,filter_project,doris,4,17,3796.65675,3413.634709,383.022041,3745.09,1980090,True
10000000,warehouse,filter_project,doris,4,18,3704.777375,3328.530375,376.247,3673.552,1980090,True
10000000,warehouse,filter_project,doris,4,19,3778.561334,3388.504709,390.056625,3733.013,1980090,True
10000000,warehouse,filter_project,doris,4,20,3754.489625,3368.51525,385.974375,3688.103,1980090,True
10000000,warehouse,join_groupby,doris,4,16,45.270125,44.980167,0.289958,0.84,200,True
10000000,warehouse,join_groupby,doris,4,17,47.710875,47.439291,0.271584,0.797,200,True
10000000,warehouse,join_groupby,doris,4,18,38.557,38.226292,0.330708,0.895,200,True
10000000,warehouse,join_groupby,doris,4,19,34.5715,34.220708,0.350792,0.918,200,True
10000000,warehouse,join_groupby,doris,4,20,39.753208,39.438208,0.315,0.929,200,True
10000000,warehouse,join_groupby,doris,5,21,38.654458,38.343542,0.310916,0.886,200,True
10000000,warehouse,join_groupby,doris,5,22,48.583,48.305584,0.277416,0.856,200,True
10000000,warehouse,join_groupby,doris,5,23,36.280333,35.945625,0.334708,0.883,200,True
10000000,warehouse,join_groupby,doris,5,24,43.544292,43.255625,0.288667,0.856,200,True
10000000,warehouse,join_groupby,doris,5,25,43.799208,43.468708,0.3305,0.867,200,True
100000,warehouse,groupby,doris,5,21,7.2205,7.00175,0.21875,0.488,50,True
100000,warehouse,groupby,doris,5,22,6.587625,6.373375,0.21425,0.475,50,True
100000,warehouse,groupby,doris,5,23,6.480916,6.245708,0.235208,0.484,50,True
100000,warehouse,groupby,doris,5,24,6.722958,6.487333,0.235625,0.515,50,True
100000,warehouse,groupby,doris,5,25,6.843333,6.632667,0.210666,0.472,50,True
10000000,warehouse,filter_project,doris,5,21,3722.219458,3344.848333,377.371125,3682.222,1980090,True
10000000,warehouse,filter_project,doris,5,22,3781.013125,3393.843,387.170125,3738.78,1980090,True
10000000,warehouse,filter_project,doris,5,23,3707.849625,3315.629583,392.220042,3670.143,1980090,True
10000000,warehouse,filter_project,doris,5,24,3740.654958,3357.176208,383.47875,3702.93,1980090,True
10000000,warehouse,filter_project,doris,5,25,3732.297208,3347.9215,384.375708,3695.972,1980090,True
1000000,warehouse,clean_derive,doris,5,21,1615.769917,1477.100083,138.669834,1588.515,1000000,True
1000000,warehouse,clean_derive,doris,5,22,1673.154708,1532.576583,140.578125,1640.83,1000000,True
1000000,warehouse,clean_derive,doris,5,23,1636.442,1497.227375,139.214625,1605.983,1000000,True
1000000,warehouse,clean_derive,doris,5,24,1614.803208,1474.416542,140.386666,1585.458,1000000,True
1000000,warehouse,clean_derive,doris,5,25,1649.581583,1509.854,139.727583,1618.691,1000000,True
1000000,warehouse,filter_project,doris,5,21,400.372542,360.1015,40.271042,373.845,198279,True
1000000,warehouse,filter_project,doris,5,22,391.079167,351.70175,39.377417,372.06,198279,True
1000000,warehouse,filter_project,doris,5,23,399.467708,358.215333,41.252375,372.662,198279,True
1000000,warehouse,filter_project,doris,5,24,403.398667,364.023792,39.374875,374.221,198279,True
1000000,warehouse,filter_project,doris,5,25,398.227958,358.847916,39.380042,373.118,198279,True
10000000,warehouse,groupby,doris,5,21,27.115625,26.851125,0.2645,0.584,50,True
10000000,warehouse,groupby,doris,5,22,22.378958,22.157,0.221958,0.521,50,True
10000000,warehouse,groupby,doris,5,23,22.135167,21.897125,0.238042,0.526,50,True
10000000,warehouse,groupby,doris,5,24,20.925125,20.703708,0.221417,0.499,50,True
10000000,warehouse,groupby,doris,5,25,20.402875,20.183,0.219875,0.498,50,True
10000000,warehouse,clean_derive,doris,5,21,16284.1625,14894.584,1389.5785,16170.15,10000000,True
10000000,warehouse,clean_derive,doris,5,22,16373.976542,14966.931708,1407.044834,16256.587,10000000,True
10000000,warehouse,clean_derive,doris,5,23,16220.96725,14844.48675,1376.4805,16156.393,10000000,True
10000000,warehouse,clean_derive,doris,5,24,15988.850417,14615.60475,1373.245667,15933.167,10000000,True
10000000,warehouse,clean_derive,doris,5,25,16585.920333,15179.725875,1406.194458,16483.497,10000000,True
100000,warehouse,filter_project,doris,5,21,50.250208,45.905,4.345208,38.824,19886,True
100000,warehouse,filter_project,doris,5,22,48.843875,44.506084,4.337791,38.07,19886,True
100000,warehouse,filter_project,doris,5,23,47.840958,43.549542,4.291416,38.123,19886,True
100000,warehouse,filter_project,doris,5,24,46.949875,42.656875,4.293,37.534,19886,True
100000,warehouse,filter_project,doris,5,25,47.909042,43.737708,4.171334,38.104,19886,True
1000000,warehouse,groupby,doris,5,21,9.624958,9.363917,0.261041,0.589,50,True
1000000,warehouse,groupby,doris,5,22,9.408209,9.125084,0.283125,0.609,50,True
1000000,warehouse,groupby,doris,5,23,9.793459,9.525292,0.268167,0.564,50,True
1000000,warehouse,groupby,doris,5,24,9.507042,9.261,0.246042,0.538,50,True
1000000,warehouse,groupby,doris,5,25,10.23775,9.94125,0.2965,0.6,50,True
1000000,warehouse,join_groupby,doris,5,21,16.772875,16.465959,0.306916,0.907,200,True
1000000,warehouse,join_groupby,doris,5,22,15.489334,15.158375,0.330959,0.97,200,True
1000000,warehouse,join_groupby,doris,5,23,14.539792,14.2475,0.292292,0.91,200,True
1000000,warehouse,join_groupby,doris,5,24,13.401417,13.094167,0.30725,0.996,200,True
1000000,warehouse,join_groupby,doris,5,25,13.507209,13.220042,0.287167,0.869,200,True
100000,warehouse,clean_derive,doris,5,21,182.433875,168.046125,14.38775,169.183,100000,True
100000,warehouse,clean_derive,doris,5,22,182.189,167.5245,14.6645,169.994,100000,True
100000,warehouse,clean_derive,doris,5,23,187.018,172.849625,14.168375,166.785,100000,True
100000,warehouse,clean_derive,doris,5,24,190.465667,175.815292,14.650375,169.414,100000,True
100000,warehouse,clean_derive,doris,5,25,182.763666,168.1315,14.632166,168.63,100000,True
100000,warehouse,join_groupby,doris,5,21,11.009416,10.739458,0.269958,0.882,200,True
100000,warehouse,join_groupby,doris,5,22,10.770292,10.49525,0.275042,0.814,200,True
100000,warehouse,join_groupby,doris,5,23,11.710583,11.433708,0.276875,0.861,200,True
100000,warehouse,join_groupby,doris,5,24,10.968625,10.649667,0.318958,0.927,200,True
100000,warehouse,join_groupby,doris,5,25,11.573042,11.278042,0.295,0.938,200,True
10000000,warehouse,filter_project,doris,6,26,3730.128417,3342.525042,387.603375,3690.28,1980090,True
10000000,warehouse,filter_project,doris,6,27,3728.543,3348.400167,380.142833,3696.108,1980090,True
10000000,warehouse,filter_project,doris,6,28,3735.273125,3353.137958,382.135167,3692.651,1980090,True
10000000,warehouse,filter_project,doris,6,29,3707.489083,3304.203916,403.285167,3670.173,1980090,True
10000000,warehouse,filter_project,doris,6,30,3712.5395,3319.5795,392.96,3675.598,1980090,True
1000000,warehouse,clean_derive,doris,6,26,1625.527125,1487.071916,138.455209,1600.59,1000000,True
1000000,warehouse,clean_derive,doris,6,27,1707.457458,1564.942416,142.515042,1659.388,1000000,True
1000000,warehouse,clean_derive,doris,6,28,1632.356,1495.125167,137.230833,1612.166,1000000,True
1000000,warehouse,clean_derive,doris,6,29,1661.8525,1518.647792,143.204708,1630.872,1000000,True
1000000,warehouse,clean_derive,doris,6,30,1636.046625,1499.034542,137.012083,1605.033,1000000,True
1000000,warehouse,join_groupby,doris,6,26,13.771708,13.500041,0.271667,0.858,200,True
1000000,warehouse,join_groupby,doris,6,27,13.139875,12.862167,0.277708,0.829,200,True
1000000,warehouse,join_groupby,doris,6,28,15.015167,14.740125,0.275042,0.837,200,True
1000000,warehouse,join_groupby,doris,6,29,13.952334,13.666792,0.285542,0.851,200,True
1000000,warehouse,join_groupby,doris,6,30,12.596834,12.332667,0.264167,0.829,200,True
1000000,warehouse,filter_project,doris,6,26,402.557125,362.137916,40.419209,375.312,198279,True
1000000,warehouse,filter_project,doris,6,27,412.882542,372.749583,40.132959,382.576,198279,True
1000000,warehouse,filter_project,doris,6,28,398.88125,360.285,38.59625,377.69,198279,True
1000000,warehouse,filter_project,doris,6,29,403.026125,362.734875,40.29125,377.013,198279,True
1000000,warehouse,filter_project,doris,6,30,392.358625,352.323292,40.035333,370.3,198279,True
10000000,warehouse,clean_derive,doris,6,26,16408.799375,15010.050792,1398.748583,16336.405,10000000,True
10000000,warehouse,clean_derive,doris,6,27,16492.518,15061.994,1430.524,16415.215,10000000,True
10000000,warehouse,clean_derive,doris,6,28,16431.851458,15016.188166,1415.663292,16361.891,10000000,True
10000000,warehouse,clean_derive,doris,6,29,16380.623125,15020.614375,1360.00875,16263.358,10000000,True
10000000,warehouse,clean_derive,doris,6,30,16468.229958,15029.161666,1439.068292,16410.51,10000000,True
100000,warehouse,filter_project,doris,6,26,47.566208,43.201625,4.364583,38.364,19886,True
100000,warehouse,filter_project,doris,6,27,46.416209,42.439834,3.976375,37.611,19886,True
100000,warehouse,filter_project,doris,6,28,45.789666,41.672166,4.1175,37.396,19886,True
100000,warehouse,filter_project,doris,6,29,47.559625,43.338417,4.221208,38.051,19886,True
100000,warehouse,filter_project,doris,6,30,43.762667,39.757333,4.005334,37.425,19886,True
10000000,warehouse,join_groupby,doris,6,26,54.6975,54.420167,0.277333,0.867,200,True
10000000,warehouse,join_groupby,doris,6,27,64.499041,64.225041,0.274,0.847,200,True
10000000,warehouse,join_groupby,doris,6,28,37.741125,37.464167,0.276958,0.848,200,True
10000000,warehouse,join_groupby,doris,6,29,50.612791,50.351166,0.261625,0.83,200,True
10000000,warehouse,join_groupby,doris,6,30,45.525375,45.255583,0.269792,0.852,200,True
100000,warehouse,join_groupby,doris,6,26,10.110459,9.865834,0.244625,0.782,200,True
100000,warehouse,join_groupby,doris,6,27,10.460125,10.225834,0.234291,0.784,200,True
100000,warehouse,join_groupby,doris,6,28,10.340084,10.057209,0.282875,0.802,200,True
100000,warehouse,join_groupby,doris,6,29,9.884917,9.643292,0.241625,0.743,200,True
100000,warehouse,join_groupby,doris,6,30,9.37675,9.108875,0.267875,0.82,200,True
10000000,warehouse,groupby,doris,6,26,20.487625,20.267666,0.219959,0.486,50,True
10000000,warehouse,groupby,doris,6,27,20.349417,20.15025,0.199167,0.453,50,True
10000000,warehouse,groupby,doris,6,28,20.032042,19.831208,0.200834,0.46,50,True
10000000,warehouse,groupby,doris,6,29,19.671584,19.448334,0.22325,0.497,50,True
10000000,warehouse,groupby,doris,6,30,20.177625,19.966292,0.211333,0.467,50,True
100000,warehouse,groupby,doris,6,26,6.426459,6.216667,0.209792,0.475,50,True
100000,warehouse,groupby,doris,6,27,6.584667,6.379875,0.204792,0.455,50,True
100000,warehouse,groupby,doris,6,28,7.681833,7.423875,0.257958,0.559,50,True
100000,warehouse,groupby,doris,6,29,6.406458,6.186208,0.22025,0.488,50,True
100000,warehouse,groupby,doris,6,30,6.534041,6.298958,0.235083,0.517,50,True
1000000,warehouse,groupby,doris,6,26,8.949541,8.674958,0.274583,0.565,50,True
1000000,warehouse,groupby,doris,6,27,8.681792,8.417709,0.264083,0.55,50,True
1000000,warehouse,groupby,doris,6,28,8.63475,8.3785,0.25625,0.562,50,True
1000000,warehouse,groupby,doris,6,29,9.34875,9.119959,0.228791,0.491,50,True
1000000,warehouse,groupby,doris,6,30,8.119375,7.911916,0.207459,0.442,50,True
100000,warehouse,clean_derive,doris,6,26,173.303042,159.257084,14.045958,162.152,100000,True
100000,warehouse,clean_derive,doris,6,27,186.647333,172.390625,14.256708,162.278,100000,True
100000,warehouse,clean_derive,doris,6,28,184.279667,170.9305,13.349167,158.93,100000,True
100000,warehouse,clean_derive,doris,6,29,190.08775,174.6355,15.45225,165.665,100000,True
100000,warehouse,clean_derive,doris,6,30,186.897042,172.963042,13.934,165.421,100000,True
