query_id,client_execute_roundtrip_ms,output_rows,validation,server_total_ms,server_compilation_ms,server_execution_ms,server_provisioning_queue_ms,server_overload_queue_ms,server_bytes_scanned,elapsed_ms,path,rows,workload,block,run,metric_scope,cpu_ms,input_ms,output_bytes,output_batches,checksum,type,block_peak_rss_bytes
01c6f2c1-0001-fcf8-0001-9ade000ba656,66.460167,189,row-count; full checksum query before block,46.0,31.0,15.0,0.0,0.0,10240.0,46.0,snowflake_medium,1000,filter_project,1,1,platform_query,,,,,,,
01c6f2c1-0001-fcf8-0001-9ade000ba65a,70.588209,189,row-count; full checksum query before block,47.0,31.0,16.0,0.0,0.0,10240.0,47.0,snowflake_medium,1000,filter_project,1,2,platform_query,,,,,,,
01c6f2c1-0001-fe0c-0001-9ade000b9d5e,100.568541,50,row-count; full checksum query before block,50.0,34.0,16.0,0.0,0.0,95232.0,50.0,snowflake_medium,10000,groupby,1,1,platform_query,,,,,,,
01c6f2c1-0001-fcf8-0001-9ade000ba662,116.666875,50,row-count; full checksum query before block,97.0,74.0,23.0,0.0,0.0,95232.0,97.0,snowflake_medium,10000,groupby,1,2,platform_query,,,,,,,
01c6f2c1-0001-fcf8-0001-9ade000ba66e,156.945458,200,row-count; full checksum query before block,107.0,49.0,58.0,0.0,0.0,1211904.0,107.0,snowflake_medium,100000,join_groupby,1,1,platform_query,,,,,,,
01c6f2c1-0001-fcf8-0001-9ade000ba672,137.843417,200,row-count; full checksum query before block,102.0,49.0,53.0,0.0,0.0,1211904.0,102.0,snowflake_medium,100000,join_groupby,1,2,platform_query,,,,,,,
01c6f2c1-0001-fe0c-0001-9ade000b9d6e,170.87775,10000,row-count; full checksum query before block,105.0,32.0,73.0,0.0,0.0,95232.0,105.0,snowflake_medium,10000,clean_derive,1,1,platform_query,,,,,,,
01c6f2c1-0001-fe0c-0001-9ade000b9d72,168.79175,10000,row-count; full checksum query before block,115.0,37.0,78.0,0.0,0.0,95232.0,115.0,snowflake_medium,10000,clean_derive,1,2,platform_query,,,,,,,
01c6f2c2-0001-fe0c-0001-9ade000b9d7e,76.266583,50,row-count; full checksum query before block,52.0,33.0,19.0,0.0,0.0,973312.0,52.0,snowflake_medium,100000,groupby,1,1,platform_query,,,,,,,
01c6f2c2-0001-fe0c-0001-9ade000b9d82,72.00575,50,row-count; full checksum query before block,50.0,32.0,18.0,0.0,0.0,973312.0,50.0,snowflake_medium,100000,groupby,1,2,platform_query,,,,,,,
01c6f2c2-0001-fe0c-0001-9ade000b9d8a,185.886167,50,row-count; full checksum query before block,75.0,58.0,17.0,0.0,0.0,10240.0,75.0,snowflake_medium,1000,groupby,1,1,platform_query,,,,,,,
01c6f2c2-0001-fcf8-0001-9ade000ba686,118.453334,50,row-count; full checksum query before block,84.0,66.0,18.0,0.0,0.0,10240.0,84.0,snowflake_medium,1000,groupby,1,2,platform_query,,,,,,,
01c6f2c2-0001-fcf8-0001-9ade000ba68e,301.207375,100000,row-count; full checksum query before block,240.0,62.0,178.0,0.0,0.0,973312.0,240.0,snowflake_medium,100000,clean_derive,1,1,platform_query,,,,,,,
01c6f2c2-0001-fe0c-0001-9ade000b9d96,254.597083,100000,row-count; full checksum query before block,201.0,33.0,168.0,0.0,0.0,973312.0,201.0,snowflake_medium,100000,clean_derive,1,2,platform_query,,,,,,,
01c6f2c2-0001-fcf8-0001-9ade000ba696,123.815208,200,row-count; full checksum query before block,79.0,58.0,21.0,0.0,0.0,248832.0,79.0,snowflake_medium,1000,join_groupby,1,1,platform_query,,,,,,,
01c6f2c2-0001-fe0c-0001-9ade000b9da2,104.35325,200,row-count; full checksum query before block,69.0,49.0,20.0,0.0,0.0,248832.0,69.0,snowflake_medium,1000,join_groupby,1,2,platform_query,,,,,,,
01c6f2c2-0001-fcf8-0001-9ade000ba69e,73.841,1000,row-count; full checksum query before block,47.0,35.0,12.0,0.0,0.0,10240.0,47.0,snowflake_medium,1000,clean_derive,1,1,platform_query,,,,,,,
01c6f2c2-0001-fe0c-0001-9ade000b9dae,71.59825,1000,row-count; full checksum query before block,45.0,35.0,10.0,0.0,0.0,10240.0,45.0,snowflake_medium,1000,clean_derive,1,2,platform_query,,,,,,,
01c6f2c2-0001-fcf8-0001-9ade000ba6aa,210.959125,19886,row-count; full checksum query before block,144.0,37.0,107.0,0.0,0.0,973312.0,144.0,snowflake_medium,100000,filter_project,1,1,platform_query,,,,,,,
01c6f2c2-0001-fe0c-0001-9ade000b9db6,199.842167,19886,row-count; full checksum query before block,147.0,39.0,108.0,0.0,0.0,973312.0,147.0,snowflake_medium,100000,filter_project,1,2,platform_query,,,,,,,
01c6f2c2-0001-fe0c-0001-9ade000b9dbe,74.153292,2004,row-count; full checksum query before block,48.0,37.0,11.0,0.0,0.0,95232.0,48.0,snowflake_medium,10000,filter_project,1,1,platform_query,,,,,,,
01c6f2c2-0001-fcf8-0001-9ade000ba6b6,73.06275,2004,row-count; full checksum query before block,47.0,35.0,12.0,0.0,0.0,95232.0,47.0,snowflake_medium,10000,filter_project,1,2,platform_query,,,,,,,
01c6f2c2-0001-fcf8-0001-9ade000ba6be,151.248,200,row-count; full checksum query before block,99.0,52.0,47.0,0.0,0.0,333824.0,99.0,snowflake_medium,10000,join_groupby,1,1,platform_query,,,,,,,
01c6f2c2-0001-fcf8-0001-9ade000ba6c2,180.268125,200,row-count; full checksum query before block,89.0,46.0,43.0,0.0,0.0,333824.0,89.0,snowflake_medium,10000,join_groupby,1,2,platform_query,,,,,,,
01c6f2c2-0001-fe0c-0001-9ade000b9dde,109.830416,200,row-count; full checksum query before block,75.0,52.0,23.0,0.0,0.0,248832.0,75.0,snowflake_xsmall,1000,join_groupby,1,1,platform_query,,,,,,,
01c6f2c2-0001-fe0c-0001-9ade000b9de2,107.202875,200,row-count; full checksum query before block,71.0,51.0,20.0,0.0,0.0,248832.0,71.0,snowflake_xsmall,1000,join_groupby,1,2,platform_query,,,,,,,
01c6f2c2-0001-fe0c-0001-9ade000b9dee,207.195083,200,row-count; full checksum query before block,88.0,56.0,32.0,0.0,0.0,1211904.0,88.0,snowflake_xsmall,100000,join_groupby,1,1,platform_query,,,,,,,
01c6f2c2-0001-fcf8-0001-9ade000ba6ce,924.53975,200,row-count; full checksum query before block,889.0,857.0,32.0,0.0,0.0,1211904.0,889.0,snowflake_xsmall,100000,join_groupby,1,2,platform_query,,,,,,,
01c6f2c2-0001-fcf8-0001-9ade000ba6d6,111.002875,2004,row-count; full checksum query before block,46.0,35.0,11.0,0.0,0.0,95232.0,46.0,snowflake_xsmall,10000,filter_project,1,1,platform_query,,,,,,,
01c6f2c2-0001-fcf8-0001-9ade000ba6da,86.779041,2004,row-count; full checksum query before block,57.0,47.0,10.0,0.0,0.0,95232.0,57.0,snowflake_xsmall,10000,filter_project,1,2,platform_query,,,,,,,
01c6f2c2-0001-fcf8-0001-9ade000ba6e2,185.764833,19886,row-count; full checksum query before block,132.0,39.0,93.0,0.0,0.0,973312.0,132.0,snowflake_xsmall,100000,filter_project,1,1,platform_query,,,,,,,
01c6f2c2-0001-fe0c-0001-9ade000b9e06,599.872209,19886,row-count; full checksum query before block,342.0,52.0,290.0,0.0,0.0,973312.0,342.0,snowflake_xsmall,100000,filter_project,1,2,platform_query,,,,,,,
01c6f2c2-0001-fcf8-0001-9ade000ba6ee,75.417292,50,row-count; full checksum query before block,54.0,35.0,19.0,0.0,0.0,973312.0,54.0,snowflake_xsmall,100000,groupby,1,1,platform_query,,,,,,,
01c6f2c2-0001-fcf8-0001-9ade000ba6f2,82.560708,50,row-count; full checksum query before block,57.0,40.0,17.0,0.0,0.0,973312.0,57.0,snowflake_xsmall,100000,groupby,1,2,platform_query,,,,,,,
01c6f2c2-0001-fe0c-0001-9ade000b9e12,326.497459,100000,row-count; full checksum query before block,253.0,78.0,175.0,0.0,0.0,973312.0,253.0,snowflake_xsmall,100000,clean_derive,1,1,platform_query,,,,,,,
01c6f2c2-0001-fe0c-0001-9ade000b9e16,344.902583,100000,row-count; full checksum query before block,261.0,61.0,200.0,0.0,0.0,973312.0,261.0,snowflake_xsmall,100000,clean_derive,1,2,platform_query,,,,,,,
01c6f2c2-0001-fe0c-0001-9ade000b9e1a,122.807208,1000,row-count; full checksum query before block,87.0,75.0,12.0,0.0,0.0,10240.0,87.0,snowflake_xsmall,1000,clean_derive,1,1,platform_query,,,,,,,
01c6f2c2-0001-fe0c-0001-9ade000b9e1e,120.073792,1000,row-count; full checksum query before block,87.0,76.0,11.0,0.0,0.0,10240.0,87.0,snowflake_xsmall,1000,clean_derive,1,2,platform_query,,,,,,,
01c6f2c2-0001-fe0c-0001-9ade000b9e2a,178.641292,50,row-count; full checksum query before block,96.0,78.0,18.0,0.0,0.0,95232.0,96.0,snowflake_xsmall,10000,groupby,1,1,platform_query,,,,,,,
01c6f2c2-0001-fe0c-0001-9ade000b9e2e,212.082625,50,row-count; full checksum query before block,157.0,141.0,16.0,0.0,0.0,95232.0,157.0,snowflake_xsmall,10000,groupby,1,2,platform_query,,,,,,,
01c6f2c2-0001-fcf8-0001-9ade000ba716,148.639541,200,row-count; full checksum query before block,88.0,65.0,23.0,0.0,0.0,333824.0,88.0,snowflake_xsmall,10000,join_groupby,1,1,platform_query,,,,,,,
01c6f2c2-0001-fe0c-0001-9ade000b9e36,173.115208,200,row-count; full checksum query before block,109.0,86.0,23.0,0.0,0.0,333824.0,109.0,snowflake_xsmall,10000,join_groupby,1,2,platform_query,,,,,,,
01c6f2c2-0001-fcf8-0001-9ade000ba71e,111.337208,50,row-count; full checksum query before block,62.0,45.0,17.0,0.0,0.0,10240.0,62.0,snowflake_xsmall,1000,groupby,1,1,platform_query,,,,,,,
01c6f2c2-0001-fcf8-0001-9ade000ba722,119.647792,50,row-count; full checksum query before block,79.0,65.0,14.0,0.0,0.0,10240.0,79.0,snowflake_xsmall,1000,groupby,1,2,platform_query,,,,,,,
01c6f2c2-0001-fe0c-0001-9ade000b9e4a,219.515542,10000,row-count; full checksum query before block,156.0,76.0,80.0,0.0,0.0,95232.0,156.0,snowflake_xsmall,10000,clean_derive,1,1,platform_query,,,,,,,
01c6f2c2-0001-fcf8-0001-9ade000ba72a,204.672375,10000,row-count; full checksum query before block,125.0,35.0,90.0,0.0,0.0,95232.0,125.0,snowflake_xsmall,10000,clean_derive,1,2,platform_query,,,,,,,
01c6f2c2-0001-fcf8-0001-9ade000ba736,83.517834,189,row-count; full checksum query before block,48.0,38.0,10.0,0.0,0.0,10240.0,48.0,snowflake_xsmall,1000,filter_project,1,1,platform_query,,,,,,,
01c6f2c2-0001-fcf8-0001-9ade000ba73a,126.751542,189,row-count; full checksum query before block,50.0,40.0,10.0,0.0,0.0,10240.0,50.0,snowflake_xsmall,1000,filter_project,1,2,platform_query,,,,,,,
,,2004,row-count; full checksum in block warmup,,,,,,,1.866875,pandas,10000,filter_project,1,1,local_parquet_to_batches,2.103,1.1910420000000002,48096.0,1.0,,measurement,131432448.0
,,2004,row-count; full checksum in block warmup,,,,,,,1.483875,pandas,10000,filter_project,1,2,local_parquet_to_batches,1.691,0.9635,48096.0,1.0,,measurement,131448832.0
,,50,row-count; full checksum in block warmup,,,,,,,2.780208,pandas,1000,groupby,1,1,local_parquet_to_batches,2.964,0.9471670000000001,1600.0,1.0,,measurement,129859584.0
,,50,row-count; full checksum in block warmup,,,,,,,2.492708,pandas,1000,groupby,1,2,local_parquet_to_batches,2.658,0.8722909999999999,1600.0,1.0,,measurement,129875968.0
,,19886,row-count; full checksum in block warmup,,,,,,,3.504167,pandas,100000,filter_project,1,1,local_parquet_to_batches,4.439,2.6427919999999996,477264.0,1.0,,measurement,144293888.0
,,19886,row-count; full checksum in block warmup,,,,,,,3.210417,pandas,100000,filter_project,1,2,local_parquet_to_batches,4.271,2.406542,477264.0,1.0,,measurement,148422656.0
,,100000,row-count; full checksum in block warmup,,,,,,,2.742041,pandas,100000,clean_derive,1,1,local_parquet_to_batches,3.701,1.5329169999999999,1600000.0,1.0,,measurement,144424960.0
,,100000,row-count; full checksum in block warmup,,,,,,,2.692833,pandas,100000,clean_derive,1,2,local_parquet_to_batches,3.682,1.577333,1600000.0,1.0,,measurement,147718144.0
,,200,row-count; full checksum in block warmup,,,,,,,6.536417,pandas,10000,join_groupby,1,1,local_parquet_to_batches,6.822,2.269542,6400.0,1.0,,measurement,145489920.0
,,200,row-count; full checksum in block warmup,,,,,,,6.212459,pandas,10000,join_groupby,1,2,local_parquet_to_batches,6.468,1.9402510000000002,6400.0,1.0,,measurement,145506304.0
,,50,row-count; full checksum in block warmup,,,,,,,2.781041,pandas,10000,groupby,1,1,local_parquet_to_batches,2.897,0.946875,1600.0,1.0,,measurement,130138112.0
,,50,row-count; full checksum in block warmup,,,,,,,2.857709,pandas,10000,groupby,1,2,local_parquet_to_batches,2.898,1.057042,1600.0,1.0,,measurement,130629632.0
,,10000,row-count; full checksum in block warmup,,,,,,,1.790375,pandas,10000,clean_derive,1,1,local_parquet_to_batches,2.068,1.030334,160000.0,1.0,,measurement,131645440.0
,,10000,row-count; full checksum in block warmup,,,,,,,1.731416,pandas,10000,clean_derive,1,2,local_parquet_to_batches,2.053,1.027124,160000.0,1.0,,measurement,131645440.0
,,50,row-count; full checksum in block warmup,,,,,,,3.904541,pandas,100000,groupby,1,1,local_parquet_to_batches,4.319,1.394708,1600.0,1.0,,measurement,139378688.0
,,50,row-count; full checksum in block warmup,,,,,,,3.86125,pandas,100000,groupby,1,2,local_parquet_to_batches,4.258,1.385666,1600.0,1.0,,measurement,143048704.0
,,200,row-count; full checksum in block warmup,,,,,,,5.37075,pandas,1000,join_groupby,1,1,local_parquet_to_batches,5.543,1.896126,6400.0,1.0,,measurement,138018816.0
,,200,row-count; full checksum in block warmup,,,,,,,5.301333,pandas,1000,join_groupby,1,2,local_parquet_to_batches,5.674,1.861707,6400.0,1.0,,measurement,138035200.0
,,200,row-count; full checksum in block warmup,,,,,,,8.970625,pandas,100000,join_groupby,1,1,local_parquet_to_batches,9.662,2.432209,6400.0,1.0,,measurement,152141824.0
,,200,row-count; full checksum in block warmup,,,,,,,8.856834,pandas,100000,join_groupby,1,2,local_parquet_to_batches,9.741,2.454875,6400.0,1.0,,measurement,152174592.0
,,189,row-count; full checksum in block warmup,,,,,,,1.825333,pandas,1000,filter_project,1,1,local_parquet_to_batches,2.018,1.1322489999999998,4536.0,1.0,,measurement,130367488.0
,,189,row-count; full checksum in block warmup,,,,,,,1.751958,pandas,1000,filter_project,1,2,local_parquet_to_batches,1.892,1.095958,4536.0,1.0,,measurement,130367488.0
,,1000,row-count; full checksum in block warmup,,,,,,,1.415708,pandas,1000,clean_derive,1,1,local_parquet_to_batches,1.578,0.82675,16000.0,1.0,,measurement,129974272.0
,,1000,row-count; full checksum in block warmup,,,,,,,1.321417,pandas,1000,clean_derive,1,2,local_parquet_to_batches,1.478,0.813958,16000.0,1.0,,measurement,129974272.0
01c6f2c2-0001-fcf8-0001-9ade000ba74e,754.353375,200,row-count; full checksum query before block,681.0,658.0,23.0,0.0,0.0,248832.0,681.0,snowflake_small,1000,join_groupby,1,1,platform_query,,,,,,,
01c6f2c2-0001-fe0c-0001-9ade000b9e5a,150.576625,200,row-count; full checksum query before block,117.0,86.0,31.0,0.0,0.0,248832.0,117.0,snowflake_small,1000,join_groupby,1,2,platform_query,,,,,,,
01c6f2c2-0001-fcf8-0001-9ade000ba756,462.923542,10000,row-count; full checksum query before block,376.0,302.0,74.0,0.0,0.0,95232.0,376.0,snowflake_small,10000,clean_derive,1,1,platform_query,,,,,,,
01c6f2c2-0001-fe0c-0001-9ade000b9e66,163.104333,10000,row-count; full checksum query before block,105.0,38.0,67.0,0.0,0.0,95232.0,105.0,snowflake_small,10000,clean_derive,1,2,platform_query,,,,,,,
01c6f2c2-0001-fcf8-0001-9ade000ba762,79.837375,50,row-count; full checksum query before block,58.0,34.0,24.0,0.0,0.0,10240.0,58.0,snowflake_small,1000,groupby,1,1,platform_query,,,,,,,
01c6f2c2-0001-fe0c-0001-9ade000b9e6e,75.937667,50,row-count; full checksum query before block,53.0,36.0,17.0,0.0,0.0,10240.0,53.0,snowflake_small,1000,groupby,1,2,platform_query,,,,,,,
01c6f2c2-0001-fe0c-0001-9ade000b9e7a,88.851,50,row-count; full checksum query before block,65.0,47.0,18.0,0.0,0.0,973312.0,65.0,snowflake_small,100000,groupby,1,1,platform_query,,,,,,,
01c6f2c2-0001-fe0c-0001-9ade000b9e7e,85.937333,50,row-count; full checksum query before block,61.0,42.0,19.0,0.0,0.0,973312.0,61.0,snowflake_small,100000,groupby,1,2,platform_query,,,,,,,
01c6f2c2-0001-fcf8-0001-9ade000ba776,64.932583,189,row-count; full checksum query before block,42.0,30.0,12.0,0.0,0.0,10240.0,42.0,snowflake_small,1000,filter_project,1,1,platform_query,,,,,,,
01c6f2c2-0001-fe0c-0001-9ade000b9e86,69.296125,189,row-count; full checksum query before block,49.0,38.0,11.0,0.0,0.0,10240.0,49.0,snowflake_small,1000,filter_project,1,2,platform_query,,,,,,,
01c6f2c2-0001-fe0c-0001-9ade000b9e8e,125.016708,200,row-count; full checksum query before block,87.0,52.0,35.0,0.0,0.0,1211904.0,87.0,snowflake_small,100000,join_groupby,1,1,platform_query,,,,,,,
01c6f2c2-0001-fe0c-0001-9ade000b9e92,140.618417,200,row-count; full checksum query before block,88.0,55.0,33.0,0.0,0.0,1211904.0,88.0,snowflake_small,100000,join_groupby,1,2,platform_query,,,,,,,
01c6f2c2-0001-fe0c-0001-9ade000b9ea2,165.182708,200,row-count; full checksum query before block,82.0,57.0,25.0,0.0,0.0,333824.0,82.0,snowflake_small,10000,join_groupby,1,1,platform_query,,,,,,,
01c6f2c2-0001-fe0c-0001-9ade000b9ea6,119.644042,200,row-count; full checksum query before block,80.0,56.0,24.0,0.0,0.0,333824.0,80.0,snowflake_small,10000,join_groupby,1,2,platform_query,,,,,,,
01c6f2c2-0001-fcf8-0001-9ade000ba78a,75.331625,2004,row-count; full checksum query before block,47.0,34.0,13.0,0.0,0.0,95232.0,47.0,snowflake_small,10000,filter_project,1,1,platform_query,,,,,,,
01c6f2c2-0001-fe0c-0001-9ade000b9eae,79.826459,2004,row-count; full checksum query before block,51.0,40.0,11.0,0.0,0.0,95232.0,51.0,snowflake_small,10000,filter_project,1,2,platform_query,,,,,,,
01c6f2c2-0001-fe0c-0001-9ade000b9eb2,79.900916,50,row-count; full checksum query before block,55.0,37.0,18.0,0.0,0.0,95232.0,55.0,snowflake_small,10000,groupby,1,1,platform_query,,,,,,,
01c6f2c2-0001-fcf8-0001-9ade000ba79a,104.415542,50,row-count; full checksum query before block,83.0,65.0,18.0,0.0,0.0,95232.0,83.0,snowflake_small,10000,groupby,1,2,platform_query,,,,,,,
01c6f2c2-0001-fe0c-0001-9ade000b9ebe,257.438208,100000,row-count; full checksum query before block,202.0,33.0,169.0,0.0,0.0,973312.0,202.0,snowflake_small,100000,clean_derive,1,1,platform_query,,,,,,,
01c6f2c2-0001-fcf8-0001-9ade000ba7a2,254.718792,100000,row-count; full checksum query before block,195.0,33.0,162.0,0.0,0.0,973312.0,195.0,snowflake_small,100000,clean_derive,1,2,platform_query,,,,,,,
01c6f2c2-0001-fcf8-0001-9ade000ba7a6,228.668208,19886,row-count; full checksum query before block,145.0,45.0,100.0,0.0,0.0,973312.0,145.0,snowflake_small,100000,filter_project,1,1,platform_query,,,,,,,
01c6f2c2-0001-fcf8-0001-9ade000ba7aa,212.247625,19886,row-count; full checksum query before block,155.0,49.0,106.0,0.0,0.0,973312.0,155.0,snowflake_small,100000,filter_project,1,2,platform_query,,,,,,,
01c6f2c2-0001-fcf8-0001-9ade000ba7b2,154.639167,1000,row-count; full checksum query before block,45.0,35.0,10.0,0.0,0.0,10240.0,45.0,snowflake_small,1000,clean_derive,1,1,platform_query,,,,,,,
01c6f2c2-0001-fcf8-0001-9ade000ba7b6,73.958166,1000,row-count; full checksum query before block,49.0,39.0,10.0,0.0,0.0,10240.0,49.0,snowflake_small,1000,clean_derive,1,2,platform_query,,,,,,,
01c6f2c2-0001-fcf8-0001-9ade000ba7c6,175.458167,10000,row-count; full checksum query before block,113.0,38.0,75.0,0.0,0.0,95232.0,113.0,snowflake_large,10000,clean_derive,1,1,platform_query,,,,,,,
01c6f2c2-0001-fcf8-0001-9ade000ba7ca,186.435958,10000,row-count; full checksum query before block,114.0,37.0,77.0,0.0,0.0,95232.0,114.0,snowflake_large,10000,clean_derive,1,2,platform_query,,,,,,,
01c6f2c3-0001-fcf8-0001-9ade000ba7d2,145.54075,1000,row-count; full checksum query before block,101.0,83.0,18.0,0.0,0.0,10240.0,101.0,snowflake_large,1000,clean_derive,1,1,platform_query,,,,,,,
01c6f2c3-0001-fcf8-0001-9ade000ba7d6,97.2885,1000,row-count; full checksum query before block,61.0,49.0,12.0,0.0,0.0,10240.0,61.0,snowflake_large,1000,clean_derive,1,2,platform_query,,,,,,,
01c6f2c3-0001-fe0c-0001-9ade000b9eee,94.569,50,row-count; full checksum query before block,65.0,49.0,16.0,0.0,0.0,95232.0,65.0,snowflake_large,10000,groupby,1,1,platform_query,,,,,,,
01c6f2c3-0001-fe0c-0001-9ade000b9ef2,82.319042,50,row-count; full checksum query before block,55.0,38.0,17.0,0.0,0.0,95232.0,55.0,snowflake_large,10000,groupby,1,2,platform_query,,,,,,,
01c6f2c3-0001-fcf8-0001-9ade000ba7ea,75.025,2004,row-count; full checksum query before block,50.0,39.0,11.0,0.0,0.0,95232.0,50.0,snowflake_large,10000,filter_project,1,1,platform_query,,,,,,,
01c6f2c3-0001-fe0c-0001-9ade000b9efa,151.548166,2004,row-count; full checksum query before block,67.0,55.0,12.0,0.0,0.0,95232.0,67.0,snowflake_large,10000,filter_project,1,2,platform_query,,,,,,,
01c6f2c3-0001-fe0c-0001-9ade000b9f02,241.625958,19886,row-count; full checksum query before block,146.0,44.0,102.0,0.0,0.0,973312.0,146.0,snowflake_large,100000,filter_project,1,1,platform_query,,,,,,,
01c6f2c3-0001-fe0c-0001-9ade000b9f06,194.380375,19886,row-count; full checksum query before block,132.0,40.0,92.0,0.0,0.0,973312.0,132.0,snowflake_large,100000,filter_project,1,2,platform_query,,,,,,,
01c6f2c3-0001-fcf8-0001-9ade000ba7f6,77.562958,189,row-count; full checksum query before block,54.0,42.0,12.0,0.0,0.0,10240.0,54.0,snowflake_large,1000,filter_project,1,1,platform_query,,,,,,,
01c6f2c3-0001-fe0c-0001-9ade000b9f16,71.617625,189,row-count; full checksum query before block,48.0,38.0,10.0,0.0,0.0,10240.0,48.0,snowflake_large,1000,filter_project,1,2,platform_query,,,,,,,
01c6f2c3-0001-fcf8-0001-9ade000ba802,125.735125,200,row-count; full checksum query before block,93.0,54.0,39.0,0.0,0.0,248832.0,93.0,snowflake_large,1000,join_groupby,1,1,platform_query,,,,,,,
01c6f2c3-0001-fe0c-0001-9ade000b9f1e,128.219083,200,row-count; full checksum query before block,91.0,53.0,38.0,0.0,0.0,248832.0,91.0,snowflake_large,1000,join_groupby,1,2,platform_query,,,,,,,
01c6f2c3-0001-fe0c-0001-9ade000b9f26,149.270333,200,row-count; full checksum query before block,103.0,51.0,52.0,0.0,0.0,1211904.0,103.0,snowflake_large,100000,join_groupby,1,1,platform_query,,,,,,,
01c6f2c3-0001-fcf8-0001-9ade000ba80e,139.876292,200,row-count; full checksum query before block,96.0,47.0,49.0,0.0,0.0,1211904.0,96.0,snowflake_large,100000,join_groupby,1,2,platform_query,,,,,,,
01c6f2c3-0001-fe0c-0001-9ade000b9f2e,270.517041,100000,row-count; full checksum query before block,208.0,35.0,173.0,0.0,0.0,973312.0,208.0,snowflake_large,100000,clean_derive,1,1,platform_query,,,,,,,
01c6f2c3-0001-fcf8-0001-9ade000ba81a,1082.536166,100000,row-count; full checksum query before block,362.0,144.0,218.0,0.0,0.0,973312.0,362.0,snowflake_large,100000,clean_derive,1,2,platform_query,,,,,,,
01c6f2c3-0001-fe0c-0001-9ade000b9f3e,81.039708,50,row-count; full checksum query before block,57.0,39.0,18.0,0.0,0.0,973312.0,57.0,snowflake_large,100000,groupby,1,1,platform_query,,,,,,,
01c6f2c3-0001-fcf8-0001-9ade000ba81e,187.246458,50,row-count; full checksum query before block,123.0,98.0,25.0,0.0,0.0,973312.0,123.0,snowflake_large,100000,groupby,1,2,platform_query,,,,,,,
01c6f2c3-0001-fcf8-0001-9ade000ba832,160.559791,50,row-count; full checksum query before block,131.0,111.0,20.0,0.0,0.0,10240.0,131.0,snowflake_large,1000,groupby,1,1,platform_query,,,,,,,
01c6f2c3-0001-fe0c-0001-9ade000b9f42,79.2385,50,row-count; full checksum query before block,57.0,39.0,18.0,0.0,0.0,10240.0,57.0,snowflake_large,1000,groupby,1,2,platform_query,,,,,,,
01c6f2c3-0001-fcf8-0001-9ade000ba83e,262.941417,200,row-count; full checksum query before block,199.0,127.0,72.0,0.0,0.0,333824.0,199.0,snowflake_large,10000,join_groupby,1,1,platform_query,,,,,,,
01c6f2c3-0001-fe0c-0001-9ade000b9f4a,494.606417,200,row-count; full checksum query before block,412.0,54.0,358.0,0.0,0.0,333824.0,412.0,snowflake_large,10000,join_groupby,1,2,platform_query,,,,,,,
,,100000,row-count; full checksum in block warmup,,,,,,,3.401917,duckdb,100000,clean_derive,1,1,local_parquet_to_batches,3.462,,1600000.0,1.0,,measurement,139149312.0
,,100000,row-count; full checksum in block warmup,,,,,,,3.135875,duckdb,100000,clean_derive,1,2,local_parquet_to_batches,3.203,,1600000.0,1.0,,measurement,139182080.0
,,50,row-count; full checksum in block warmup,,,,,,,0.9975,duckdb,1000,groupby,1,1,local_parquet_to_batches,1.089,,1600.0,1.0,,measurement,131923968.0
,,50,row-count; full checksum in block warmup,,,,,,,0.959625,duckdb,1000,groupby,1,2,local_parquet_to_batches,1.044,,1600.0,1.0,,measurement,131956736.0
,,19886,row-count; full checksum in block warmup,,,,,,,2.750959,duckdb,100000,filter_project,1,1,local_parquet_to_batches,2.815,,477264.0,1.0,,measurement,137363456.0
,,19886,row-count; full checksum in block warmup,,,,,,,2.510208,duckdb,100000,filter_project,1,2,local_parquet_to_batches,2.566,,477264.0,1.0,,measurement,137396224.0
,,50,row-count; full checksum in block warmup,,,,,,,1.151666,duckdb,10000,groupby,1,1,local_parquet_to_batches,1.268,,1600.0,1.0,,measurement,131874816.0
,,50,row-count; full checksum in block warmup,,,,,,,1.151667,duckdb,10000,groupby,1,2,local_parquet_to_batches,1.235,,1600.0,1.0,,measurement,131907584.0
,,200,row-count; full checksum in block warmup,,,,,,,2.510834,duckdb,1000,join_groupby,1,1,local_parquet_to_batches,2.69,,6400.0,1.0,,measurement,134856704.0
,,200,row-count; full checksum in block warmup,,,,,,,2.459792,duckdb,1000,join_groupby,1,2,local_parquet_to_batches,2.622,,6400.0,1.0,,measurement,134905856.0
,,200,row-count; full checksum in block warmup,,,,,,,4.968084,duckdb,100000,join_groupby,1,1,local_parquet_to_batches,5.135,,6400.0,1.0,,measurement,140214272.0
,,200,row-count; full checksum in block warmup,,,,,,,4.774542,duckdb,100000,join_groupby,1,2,local_parquet_to_batches,4.933,,6400.0,1.0,,measurement,140263424.0
,,2004,row-count; full checksum in block warmup,,,,,,,1.099792,duckdb,10000,filter_project,1,1,local_parquet_to_batches,1.148,,48096.0,1.0,,measurement,131907584.0
,,2004,row-count; full checksum in block warmup,,,,,,,1.068542,duckdb,10000,filter_project,1,2,local_parquet_to_batches,1.115,,48096.0,1.0,,measurement,131940352.0
,,10000,row-count; full checksum in block warmup,,,,,,,1.293375,duckdb,10000,clean_derive,1,1,local_parquet_to_batches,1.34,,160000.0,1.0,,measurement,132005888.0
,,10000,row-count; full checksum in block warmup,,,,,,,1.263792,duckdb,10000,clean_derive,1,2,local_parquet_to_batches,1.31,,160000.0,1.0,,measurement,132038656.0
,,50,row-count; full checksum in block warmup,,,,,,,2.004459,duckdb,100000,groupby,1,1,local_parquet_to_batches,2.086,,1600.0,1.0,,measurement,132481024.0
,,50,row-count; full checksum in block warmup,,,,,,,1.848625,duckdb,100000,groupby,1,2,local_parquet_to_batches,1.932,,1600.0,1.0,,measurement,132513792.0
,,1000,row-count; full checksum in block warmup,,,,,,,1.164917,duckdb,1000,clean_derive,1,1,local_parquet_to_batches,1.216,,16000.0,1.0,,measurement,131694592.0
,,1000,row-count; full checksum in block warmup,,,,,,,1.211667,duckdb,1000,clean_derive,1,2,local_parquet_to_batches,1.257,,16000.0,1.0,,measurement,131727360.0
,,200,row-count; full checksum in block warmup,,,,,,,3.744333,duckdb,10000,join_groupby,1,1,local_parquet_to_batches,4.013,,6400.0,1.0,,measurement,135249920.0
,,200,row-count; full checksum in block warmup,,,,,,,3.393958,duckdb,10000,join_groupby,1,2,local_parquet_to_batches,4.011,,6400.0,1.0,,measurement,135430144.0
,,189,row-count; full checksum in block warmup,,,,,,,1.501958,duckdb,1000,filter_project,1,1,local_parquet_to_batches,1.561,,4536.0,1.0,,measurement,131710976.0
,,189,row-count; full checksum in block warmup,,,,,,,1.159042,duckdb,1000,filter_project,1,2,local_parquet_to_batches,1.233,,4536.0,1.0,,measurement,131825664.0
