rows,workload,path,n,mean_ms,std_ms,median_ms,min_ms,max_ms
1000,clean_derive,duckdb,2,1.1882920000000001,0.033057242020471146,1.1882920000000001,1.164917,1.211667
1000,clean_derive,pandas,2,1.3685625,0.06667380550486068,1.3685625,1.321417,1.415708
1000,clean_derive,snowflake_large,2,81.0,28.284271247461902,81.0,61.0,101.0
1000,clean_derive,snowflake_medium,2,46.0,1.4142135623730951,46.0,45.0,47.0
1000,clean_derive,snowflake_small,2,47.0,2.8284271247461903,47.0,45.0,49.0
1000,clean_derive,snowflake_xsmall,2,87.0,0.0,87.0,87.0,87.0
1000,filter_project,duckdb,2,1.3304999999999998,0.24247822897736612,1.3304999999999998,1.159042,1.501958
1000,filter_project,pandas,2,1.7886454999999999,0.051883960069563057,1.7886454999999999,1.751958,1.825333
1000,filter_project,snowflake_large,2,51.0,4.242640687119285,51.0,48.0,54.0
1000,filter_project,snowflake_medium,2,46.5,0.7071067811865476,46.5,46.0,47.0
1000,filter_project,snowflake_small,2,45.5,4.949747468305833,45.5,42.0,49.0
1000,filter_project,snowflake_xsmall,2,49.0,1.4142135623730951,49.0,48.0,50.0
1000,groupby,duckdb,2,0.9785625,0.02678166933744056,0.9785625,0.959625,0.9975
1000,groupby,pandas,2,2.636458,0.20329319959113248,2.636458,2.492708,2.780208
1000,groupby,snowflake_large,2,94.0,52.32590180780452,94.0,57.0,131.0
1000,groupby,snowflake_medium,2,79.5,6.363961030678928,79.5,75.0,84.0
1000,groupby,snowflake_small,2,55.5,3.5355339059327378,55.5,53.0,58.0
1000,groupby,snowflake_xsmall,2,70.5,12.020815280171307,70.5,62.0,79.0
1000,join_groupby,duckdb,2,2.485313,0.03609214432532362,2.485313,2.459792,2.510834
1000,join_groupby,pandas,2,5.3360415,0.049085231429626924,5.3360415,5.301333,5.37075
1000,join_groupby,snowflake_large,2,92.0,1.4142135623730951,92.0,91.0,93.0
1000,join_groupby,snowflake_medium,2,74.0,7.0710678118654755,74.0,69.0,79.0
1000,join_groupby,snowflake_small,2,399.0,398.8082245892128,399.0,117.0,681.0
1000,join_groupby,snowflake_xsmall,2,73.0,2.8284271247461903,73.0,71.0,75.0
10000,clean_derive,duckdb,2,1.2785834999999999,0.020918339907841574,1.2785834999999999,1.263792,1.293375
10000,clean_derive,pandas,2,1.7608955000000002,0.041690308711977646,1.7608955000000002,1.731416,1.790375
10000,clean_derive,snowflake_large,2,113.5,0.7071067811865476,113.5,113.0,114.0
10000,clean_derive,snowflake_medium,2,110.0,7.0710678118654755,110.0,105.0,115.0
10000,clean_derive,snowflake_small,2,240.5,191.6259377015544,240.5,105.0,376.0
10000,clean_derive,snowflake_xsmall,2,140.5,21.920310216782973,140.5,125.0,156.0
10000,filter_project,duckdb,2,1.084167,0.02209708691207961,1.084167,1.068542,1.099792
10000,filter_project,pandas,2,1.675375,0.2708218971944477,1.675375,1.483875,1.866875
10000,filter_project,snowflake_large,2,58.5,12.020815280171307,58.5,50.0,67.0
10000,filter_project,snowflake_medium,2,47.5,0.7071067811865476,47.5,47.0,48.0
10000,filter_project,snowflake_small,2,49.0,2.8284271247461903,49.0,47.0,51.0
10000,filter_project,snowflake_xsmall,2,51.5,7.7781745930520225,51.5,46.0,57.0
10000,groupby,duckdb,2,1.1516665000000001,7.071067811283762e-07,1.1516665000000001,1.151666,1.151667
10000,groupby,pandas,2,2.819375,0.05421246270001004,2.819375,2.781041,2.857709
10000,groupby,snowflake_large,2,60.0,7.0710678118654755,60.0,55.0,65.0
10000,groupby,snowflake_medium,2,73.5,33.23401871576773,73.5,50.0,97.0
10000,groupby,snowflake_small,2,69.0,19.79898987322333,69.0,55.0,83.0
10000,groupby,snowflake_xsmall,2,126.5,43.1335136523794,126.5,96.0,157.0
10000,join_groupby,duckdb,2,3.5691455000000003,0.24775253845823667,3.5691455000000003,3.393958,3.744333
10000,join_groupby,pandas,2,6.374438,0.2290728986196317,6.374438,6.212459,6.536417
10000,join_groupby,snowflake_large,2,305.5,150.61374439273462,305.5,199.0,412.0
10000,join_groupby,snowflake_medium,2,94.0,7.0710678118654755,94.0,89.0,99.0
10000,join_groupby,snowflake_small,2,81.0,1.4142135623730951,81.0,80.0,82.0
10000,join_groupby,snowflake_xsmall,2,98.5,14.849242404917497,98.5,88.0,109.0
100000,clean_derive,duckdb,2,3.268896,0.18812010228043155,3.268896,3.135875,3.401917
100000,clean_derive,pandas,2,2.717437,0.03479531048862773,2.717437,2.692833,2.742041
100000,clean_derive,snowflake_large,2,285.0,108.89444430272832,285.0,208.0,362.0
100000,clean_derive,snowflake_medium,2,220.5,27.577164466275352,220.5,201.0,240.0
100000,clean_derive,snowflake_small,2,198.5,4.949747468305833,198.5,195.0,202.0
100000,clean_derive,snowflake_xsmall,2,257.0,5.656854249492381,257.0,253.0,261.0
100000,filter_project,duckdb,2,2.6305835,0.17023666467744245,2.6305835,2.510208,2.750959
100000,filter_project,pandas,2,3.357292,0.20771261697354815,3.357292,3.210417,3.504167
100000,filter_project,snowflake_large,2,139.0,9.899494936611665,139.0,132.0,146.0
100000,filter_project,snowflake_medium,2,145.5,2.1213203435596424,145.5,144.0,147.0
100000,filter_project,snowflake_small,2,150.0,7.0710678118654755,150.0,145.0,155.0
100000,filter_project,snowflake_xsmall,2,237.0,148.49242404917499,237.0,132.0,342.0
100000,groupby,duckdb,2,1.926542,0.11019127813942463,1.926542,1.848625,2.004459
100000,groupby,pandas,2,3.8828955,0.030611359664346808,3.8828955,3.86125,3.904541
100000,groupby,snowflake_large,2,90.0,46.66904755831214,90.0,57.0,123.0
100000,groupby,snowflake_medium,2,51.0,1.4142135623730951,51.0,50.0,52.0
100000,groupby,snowflake_small,2,63.0,2.8284271247461903,63.0,61.0,65.0
100000,groupby,snowflake_xsmall,2,55.5,2.1213203435596424,55.5,54.0,57.0
100000,join_groupby,duckdb,2,4.871313000000001,0.1368548606444067,4.871313000000001,4.774542,4.968084
100000,join_groupby,pandas,2,8.913729499999999,0.08046238773799903,8.913729499999999,8.856834,8.970625
100000,join_groupby,snowflake_large,2,99.5,4.949747468305833,99.5,96.0,103.0
100000,join_groupby,snowflake_medium,2,104.5,3.5355339059327378,104.5,102.0,107.0
100000,join_groupby,snowflake_small,2,87.5,0.7071067811865476,87.5,87.0,88.0
100000,join_groupby,snowflake_xsmall,2,488.5,566.3925317304246,488.5,88.0,889.0
