rows,workload,engine,mode,profile,source,input_path,runs,mean_ms,stddev_ms,p50_ms,p95_ms
100000,clean_derive,duckdb,memory,warm,historical,preloaded local DataFrame,30,2.062540266666667,0.19528278285408773,2.0134790000000002,2.3399621999999995
100000,clean_derive,pandas,memory,warm,historical,preloaded local DataFrame,30,0.9004750333333333,0.22722995897904735,0.8289375,1.3675418499999998
100000,filter_project,duckdb,memory,warm,historical,preloaded local DataFrame,30,1.0762388666666667,0.14858986528481988,1.0960625,1.2674357499999998
100000,filter_project,pandas,memory,warm,historical,preloaded local DataFrame,30,0.6950111666666667,0.10023435973346745,0.6815625,0.8356015999999999
100000,groupby,duckdb,memory,warm,historical,preloaded local DataFrame,30,1.5850082333333333,0.1787241057360494,1.5530415,1.8447415499999997
100000,groupby,pandas,memory,warm,historical,preloaded local DataFrame,30,2.5065207333333333,0.2258885967934321,2.532937,2.7835641
100000,join_groupby,duckdb,memory,warm,historical,preloaded local DataFrame,30,4.066285966666666,0.36002490918656166,3.9765829999999998,4.736972249999999
100000,join_groupby,pandas,memory,warm,historical,preloaded local DataFrame,30,5.249633433333333,0.4676098858423497,5.123479,5.9586959
100000,clean_derive,duckdb,parquet,warm,historical,local Parquet scan,30,3.0694847333333333,0.16168970779625025,3.034396,3.3729540499999997
100000,clean_derive,pandas,parquet,warm,historical,local Parquet scan,30,2.351387566666667,0.140603182684261,2.3419790000000003,2.55994215
100000,filter_project,duckdb,parquet,warm,historical,local Parquet scan,30,2.338618,0.1755701062334576,2.329292,2.6780913
100000,filter_project,pandas,parquet,warm,historical,local Parquet scan,30,2.8139944,0.24634308574615596,2.8029375,3.1810102000000002
100000,groupby,duckdb,parquet,warm,historical,local Parquet scan,30,1.8732084,0.13471759242581088,1.8654165,2.0834829999999998
100000,groupby,pandas,parquet,warm,historical,local Parquet scan,30,3.736509666666667,0.3163277710421672,3.6806669999999997,4.312847799999999
100000,join_groupby,duckdb,parquet,warm,historical,local Parquet scan,30,4.751273566666667,0.1776362792309404,4.758,5.10305245
100000,join_groupby,pandas,parquet,warm,historical,local Parquet scan,30,7.3243903,0.34985443867061,7.2981045,7.9608978
1000000,clean_derive,duckdb,memory,warm,historical,preloaded local DataFrame,30,5.2200986,0.2730405120371143,5.174250000000001,5.769895949999999
1000000,clean_derive,pandas,memory,warm,historical,preloaded local DataFrame,30,3.485851433333333,0.202813621266301,3.4690835,3.8235374999999996
1000000,filter_project,duckdb,memory,warm,historical,preloaded local DataFrame,30,2.1787182333333335,0.1552521545863448,2.181542,2.4467103
1000000,filter_project,pandas,memory,warm,historical,preloaded local DataFrame,30,2.1654292333333336,0.2799441871338769,2.0953125000000004,2.744220799999999
1000000,groupby,duckdb,memory,warm,historical,preloaded local DataFrame,30,2.6907792666666666,0.17144693308304357,2.6683125,2.9148375
1000000,groupby,pandas,memory,warm,historical,preloaded local DataFrame,30,8.4752847,0.46102175373291865,8.388625000000001,9.18700175
1000000,join_groupby,duckdb,memory,warm,historical,preloaded local DataFrame,30,7.087729133333334,0.24944043511230504,7.0328335,7.4980227
1000000,join_groupby,pandas,memory,warm,historical,preloaded local DataFrame,30,27.383218066666664,1.1571057658024342,26.998021,29.8710894
1000000,clean_derive,duckdb,parquet,warm,historical,local Parquet scan,30,8.833382033333333,0.33425937179304593,8.747250000000001,9.4877542
1000000,clean_derive,pandas,parquet,warm,historical,local Parquet scan,30,9.614147266666667,0.6277623843209078,9.482979499999999,10.954235299999999
1000000,filter_project,duckdb,parquet,warm,historical,local Parquet scan,30,6.3864054999999995,0.18073853487303615,6.3613955,6.727718899999999
1000000,filter_project,pandas,parquet,warm,historical,local Parquet scan,30,7.6112181,0.471950691393625,7.4472705,8.5029984
1000000,groupby,duckdb,parquet,warm,historical,local Parquet scan,30,4.3198168,0.16775148593234682,4.3265835,4.581633849999999
1000000,groupby,pandas,parquet,warm,historical,local Parquet scan,30,12.172274866666667,1.0375953269622236,11.9845,13.955743899999998
1000000,join_groupby,duckdb,parquet,warm,historical,local Parquet scan,30,8.287748633333333,0.2259794228007135,8.2955,8.67795015
1000000,join_groupby,pandas,parquet,warm,historical,local Parquet scan,30,32.4221125,1.084396579352863,32.158667,34.688487499999994
10000000,clean_derive,duckdb,memory,warm,historical,preloaded local DataFrame,30,38.260933466666664,2.326077567411355,37.659292,40.80294839999999
10000000,clean_derive,pandas,memory,warm,historical,preloaded local DataFrame,30,29.384398700000002,1.4801503499483244,28.816979500000002,32.812314099999995
10000000,filter_project,duckdb,memory,warm,historical,preloaded local DataFrame,30,12.686231999999999,1.7837900280882952,12.1064375,16.923264399999997
10000000,filter_project,pandas,memory,warm,historical,preloaded local DataFrame,30,15.907791666666666,1.9557844865213574,15.3425005,17.558291149999995
10000000,groupby,duckdb,memory,warm,historical,preloaded local DataFrame,30,14.4618249,0.5489154100297806,14.434083000000001,15.472291149999998
10000000,groupby,pandas,memory,warm,historical,preloaded local DataFrame,30,64.3017237,1.9277549347240994,63.633688,67.5485708
10000000,join_groupby,duckdb,memory,warm,historical,preloaded local DataFrame,30,38.1596306,0.8813074355649343,37.9750625,40.009695799999996
10000000,join_groupby,pandas,memory,warm,historical,preloaded local DataFrame,30,311.17799180000003,57.496319228436136,290.258834,423.1363874999997
10000000,clean_derive,duckdb,parquet,warm,historical,local Parquet scan,30,69.37852360000001,7.862721924645735,67.33570850000001,80.42106509999994
10000000,clean_derive,pandas,parquet,warm,historical,local Parquet scan,30,100.15193470000001,21.737948603376335,89.2951455,148.85709359999998
10000000,filter_project,duckdb,parquet,warm,historical,local Parquet scan,30,47.51685966666666,1.2512011083227828,47.144813,49.18210365
10000000,filter_project,pandas,parquet,warm,historical,local Parquet scan,30,57.9622736,1.3475676905922427,57.591313,60.395545799999994
10000000,groupby,duckdb,parquet,warm,historical,local Parquet scan,30,29.136854133333333,0.5512085022689395,29.094291499999997,29.835287349999998
10000000,groupby,pandas,parquet,warm,historical,local Parquet scan,30,97.9191319,3.522408848161658,97.3814165,104.9152269
10000000,join_groupby,duckdb,parquet,warm,historical,local Parquet scan,30,45.3985431,0.4374374381819608,45.443104000000005,46.047704350000004
10000000,join_groupby,pandas,parquet,warm,historical,local Parquet scan,30,357.6576500333333,42.0123430867157,332.816021,418.023825
100000,clean_derive,doris,warehouse,warm,new,preloaded server tables,30,184.51381663333333,4.767310719813724,185.191375,191.2211833
100000,filter_project,doris,warehouse,warm,new,preloaded server tables,30,47.51140133333333,1.3736006741922997,47.5280625,49.6878788
100000,groupby,doris,warehouse,warm,new,preloaded server tables,30,7.803822133333333,1.434927129701155,7.2760415,10.44633765
100000,join_groupby,doris,warehouse,warm,new,preloaded server tables,30,11.469187433333333,0.947825747112203,11.654354,12.91113315
1000000,clean_derive,doris,warehouse,warm,new,preloaded server tables,30,1660.0307806333333,36.77569800619802,1645.128604,1723.8351979499998
1000000,filter_project,doris,warehouse,warm,new,preloaded server tables,30,404.2786263,9.781314379141412,402.0914165,416.02293925000004
1000000,groupby,doris,warehouse,warm,new,preloaded server tables,30,10.156702866666667,1.3110602700979959,9.804771500000001,12.758766999999999
1000000,join_groupby,doris,warehouse,warm,new,preloaded server tables,30,14.675787533333333,1.0679809792431483,14.4907085,16.558319049999998
10000000,clean_derive,doris,warehouse,warm,new,preloaded server tables,30,16507.246897133333,381.05848874358753,16420.3254165,17306.27266265
10000000,filter_project,doris,warehouse,warm,new,preloaded server tables,30,3732.5845486999997,31.908992069565226,3729.572917,3789.61711875
10000000,groupby,doris,warehouse,warm,new,preloaded server tables,30,22.344572366666668,1.7468998663621316,22.413353999999998,25.455939949999998
10000000,join_groupby,doris,warehouse,warm,new,preloaded server tables,30,44.17438606666666,7.638570532652013,45.2305415,54.529893900000005
