rows,workload,path,n,mean_ms,std_ms,median_ms,min_ms,max_ms,metric_scope,measured_date
100000,clean_derive,doris,30,184.51381663333333,4.767310719813725,185.191375,173.303042,193.4245,client_sql_to_full_pandas,2026-10-06
100000,filter_project,doris,30,47.51140133333333,1.3736006741923013,47.5280625,43.762667,50.250208,client_sql_to_full_pandas,2026-10-06
100000,groupby,doris,30,7.803822133333333,1.4349271297011559,7.2760415,6.406458,11.872,client_sql_to_full_pandas,2026-10-06
100000,join_groupby,doris,30,11.469187433333333,0.9478257471122026,11.654354,9.37675,13.128125,client_sql_to_full_pandas,2026-10-06
1000000,clean_derive,doris,30,1660.0307806333333,36.77569800619799,1645.128604,1614.803208,1753.665083,client_sql_to_full_pandas,2026-10-06
1000000,filter_project,doris,30,404.2786263,9.781314379141408,402.0914165,387.581834,441.153833,client_sql_to_full_pandas,2026-10-06
1000000,groupby,doris,30,10.156702866666667,1.311060270097996,9.804771500000001,8.119375,13.727958,client_sql_to_full_pandas,2026-10-06
1000000,join_groupby,doris,30,14.675787533333333,1.0679809792431483,14.4907085,12.596834,16.777458,client_sql_to_full_pandas,2026-10-06
10000000,clean_derive,doris,30,16507.246897133333,381.05848874358753,16420.3254165,15988.850417,17474.453916,client_sql_to_full_pandas,2026-10-06
10000000,filter_project,doris,30,3732.5845486999997,31.90899206956521,3729.572917,3694.554417,3825.835666,client_sql_to_full_pandas,2026-10-06
10000000,groupby,doris,30,22.344572366666668,1.7468998663621311,22.413353999999998,19.671584,27.115625,client_sql_to_full_pandas,2026-10-06
10000000,join_groupby,doris,30,44.17438606666666,7.638570532652013,45.2305415,29.022125,64.499041,client_sql_to_full_pandas,2026-10-06
