rows,workload,path,component,n,mean_ms,std_ms
100000,clean_derive,snowflake_large,server_total_ms,30,239.06666666666666,70.04724185829177
100000,clean_derive,snowflake_large,server_execution_ms,30,181.6,18.197385185410756
100000,clean_derive,snowflake_large,server_compilation_ms,30,57.46666666666667,58.960965072655064
100000,clean_derive,snowflake_large,server_provisioning_queue_ms,30,0.0,0.0
100000,clean_derive,snowflake_large,server_overload_queue_ms,30,0.0,0.0
100000,clean_derive,snowflake_large,client_execute_roundtrip_ms,30,336.6132973333333,102.44882645864695
100000,clean_derive,snowflake_medium,server_total_ms,30,250.3,51.60469772788333
100000,clean_derive,snowflake_medium,server_execution_ms,30,199.03333333333333,36.10471679313721
100000,clean_derive,snowflake_medium,server_compilation_ms,30,51.266666666666666,40.48067511135733
100000,clean_derive,snowflake_medium,server_provisioning_queue_ms,30,0.0,0.0
100000,clean_derive,snowflake_medium,server_overload_queue_ms,30,0.0,0.0
100000,clean_derive,snowflake_medium,client_execute_roundtrip_ms,30,349.10513886666666,77.7285061409342
100000,clean_derive,snowflake_small,server_total_ms,30,242.06666666666666,132.87664316519505
100000,clean_derive,snowflake_small,server_execution_ms,30,178.56666666666666,15.3211220740909
100000,clean_derive,snowflake_small,server_compilation_ms,30,63.5,132.4372981113496
100000,clean_derive,snowflake_small,server_provisioning_queue_ms,30,0.0,0.0
100000,clean_derive,snowflake_small,server_overload_queue_ms,30,0.0,0.0
100000,clean_derive,snowflake_small,client_execute_roundtrip_ms,30,338.76136943333336,169.1655497558782
100000,clean_derive,snowflake_xsmall,server_total_ms,30,245.46666666666667,72.83601483793072
100000,clean_derive,snowflake_xsmall,server_execution_ms,30,194.8,66.4537173657286
100000,clean_derive,snowflake_xsmall,server_compilation_ms,30,50.666666666666664,32.97787485398441
100000,clean_derive,snowflake_xsmall,server_provisioning_queue_ms,30,0.0,0.0
100000,clean_derive,snowflake_xsmall,server_overload_queue_ms,30,0.0,0.0
100000,clean_derive,snowflake_xsmall,client_execute_roundtrip_ms,30,350.7706805,125.45381455099047
100000,filter_project,snowflake_large,server_total_ms,30,162.6,22.75294600099376
100000,filter_project,snowflake_large,server_execution_ms,30,115.93333333333334,12.522898566456055
100000,filter_project,snowflake_large,server_compilation_ms,30,46.666666666666664,20.678713581901047
100000,filter_project,snowflake_large,server_provisioning_queue_ms,30,0.0,0.0
100000,filter_project,snowflake_large,server_overload_queue_ms,30,0.0,0.0
100000,filter_project,snowflake_large,client_execute_roundtrip_ms,30,254.79416253333332,41.20718183692213
100000,filter_project,snowflake_medium,server_total_ms,30,171.96666666666667,78.2870418366937
100000,filter_project,snowflake_medium,server_execution_ms,30,127.8,78.04525654365881
100000,filter_project,snowflake_medium,server_compilation_ms,30,44.166666666666664,19.107830735127912
100000,filter_project,snowflake_medium,server_provisioning_queue_ms,30,0.0,0.0
100000,filter_project,snowflake_medium,server_overload_queue_ms,30,0.0,0.0
100000,filter_project,snowflake_medium,client_execute_roundtrip_ms,30,273.4411015,109.24520589141696
100000,filter_project,snowflake_small,server_total_ms,30,154.73333333333332,22.656251833135084
100000,filter_project,snowflake_small,server_execution_ms,30,110.86666666666666,10.497071293800307
100000,filter_project,snowflake_small,server_compilation_ms,30,43.86666666666667,17.64542205616601
100000,filter_project,snowflake_small,server_provisioning_queue_ms,30,0.0,0.0
100000,filter_project,snowflake_small,server_overload_queue_ms,30,0.0,0.0
100000,filter_project,snowflake_small,client_execute_roundtrip_ms,30,257.97541513333334,114.05075531954354
100000,filter_project,snowflake_xsmall,server_total_ms,30,171.53333333333333,44.61848490706849
100000,filter_project,snowflake_xsmall,server_execution_ms,30,114.2,10.189243821558714
100000,filter_project,snowflake_xsmall,server_compilation_ms,30,57.333333333333336,38.543601225135916
100000,filter_project,snowflake_xsmall,server_provisioning_queue_ms,30,0.0,0.0
100000,filter_project,snowflake_xsmall,server_overload_queue_ms,30,0.0,0.0
100000,filter_project,snowflake_xsmall,client_execute_roundtrip_ms,30,269.71446936666666,88.58416445035962
100000,groupby,snowflake_large,server_total_ms,30,56.2,5.967729308828298
100000,groupby,snowflake_large,server_execution_ms,30,18.666666666666668,2.0398332138265336
100000,groupby,snowflake_large,server_compilation_ms,30,37.53333333333333,5.276710922622116
100000,groupby,snowflake_large,server_provisioning_queue_ms,30,0.0,0.0
100000,groupby,snowflake_large,server_overload_queue_ms,30,0.0,0.0
100000,groupby,snowflake_large,client_execute_roundtrip_ms,30,90.85102216666667,20.315003643654368
100000,groupby,snowflake_medium,server_total_ms,30,62.266666666666666,18.940803124168355
100000,groupby,snowflake_medium,server_execution_ms,30,19.933333333333334,3.2688006166275065
100000,groupby,snowflake_medium,server_compilation_ms,30,42.333333333333336,17.81385228784985
100000,groupby,snowflake_medium,server_provisioning_queue_ms,30,0.0,0.0
100000,groupby,snowflake_medium,server_overload_queue_ms,30,0.0,0.0
100000,groupby,snowflake_medium,client_execute_roundtrip_ms,30,103.09624993333334,42.29081819805956
100000,groupby,snowflake_small,server_total_ms,30,84.13333333333334,139.40705303815014
100000,groupby,snowflake_small,server_execution_ms,30,19.666666666666668,2.7957274463049844
100000,groupby,snowflake_small,server_compilation_ms,30,64.46666666666667,139.18376176921603
100000,groupby,snowflake_small,server_provisioning_queue_ms,30,0.0,0.0
100000,groupby,snowflake_small,server_overload_queue_ms,30,0.0,0.0
100000,groupby,snowflake_small,client_execute_roundtrip_ms,30,133.42686943333334,163.81801473569445
100000,groupby,snowflake_xsmall,server_total_ms,30,64.26666666666667,30.41997226566254
100000,groupby,snowflake_xsmall,server_execution_ms,30,19.3,2.230664042155501
100000,groupby,snowflake_xsmall,server_compilation_ms,30,44.96666666666667,30.909749977606758
100000,groupby,snowflake_xsmall,server_provisioning_queue_ms,30,0.0,0.0
100000,groupby,snowflake_xsmall,server_overload_queue_ms,30,0.0,0.0
100000,groupby,snowflake_xsmall,client_execute_roundtrip_ms,30,108.0562889,45.04622367441748
100000,join_groupby,snowflake_large,server_total_ms,30,99.86666666666666,15.64637962604445
100000,join_groupby,snowflake_large,server_execution_ms,30,47.266666666666666,7.934791713726951
100000,join_groupby,snowflake_large,server_compilation_ms,30,52.6,9.430690909709785
100000,join_groupby,snowflake_large,server_provisioning_queue_ms,30,0.0,0.0
100000,join_groupby,snowflake_large,server_overload_queue_ms,30,0.0,0.0
100000,join_groupby,snowflake_large,client_execute_roundtrip_ms,30,147.49548616666667,23.94768619791827
100000,join_groupby,snowflake_medium,server_total_ms,30,108.56666666666666,18.203226946461108
100000,join_groupby,snowflake_medium,server_execution_ms,30,52.06666666666667,5.619751702290974
100000,join_groupby,snowflake_medium,server_compilation_ms,30,56.5,17.41531232703783
100000,join_groupby,snowflake_medium,server_provisioning_queue_ms,30,0.0,0.0
100000,join_groupby,snowflake_medium,server_overload_queue_ms,30,0.0,0.0
100000,join_groupby,snowflake_medium,client_execute_roundtrip_ms,30,168.8290097,33.87186880949194
100000,join_groupby,snowflake_small,server_total_ms,30,94.53333333333333,24.25828451923367
100000,join_groupby,snowflake_small,server_execution_ms,30,40.06666666666667,7.38093225274018
100000,join_groupby,snowflake_small,server_compilation_ms,30,54.46666666666667,21.840698064714484
100000,join_groupby,snowflake_small,server_provisioning_queue_ms,30,0.0,0.0
100000,join_groupby,snowflake_small,server_overload_queue_ms,30,0.0,0.0
100000,join_groupby,snowflake_small,client_execute_roundtrip_ms,30,164.81092776666668,97.78513462300093
100000,join_groupby,snowflake_xsmall,server_total_ms,30,89.86666666666666,41.28432392929368
100000,join_groupby,snowflake_xsmall,server_execution_ms,30,32.93333333333333,1.9106477207072157
100000,join_groupby,snowflake_xsmall,server_compilation_ms,30,56.93333333333333,41.730608408707866
100000,join_groupby,snowflake_xsmall,server_provisioning_queue_ms,30,0.0,0.0
100000,join_groupby,snowflake_xsmall,server_overload_queue_ms,30,0.0,0.0
100000,join_groupby,snowflake_xsmall,client_execute_roundtrip_ms,30,142.0986458,45.62052721774764
1000000,clean_derive,snowflake_large,server_total_ms,30,460.96666666666664,62.79330259330777
1000000,clean_derive,snowflake_large,server_execution_ms,30,419.3,56.902911870222816
1000000,clean_derive,snowflake_large,server_compilation_ms,30,41.666666666666664,9.124931112950495
1000000,clean_derive,snowflake_large,server_provisioning_queue_ms,30,0.0,0.0
1000000,clean_derive,snowflake_large,server_overload_queue_ms,30,0.0,0.0
1000000,clean_derive,snowflake_large,client_execute_roundtrip_ms,30,538.4537014,72.85939447884626
1000000,clean_derive,snowflake_medium,server_total_ms,30,452.8,24.140965326526437
1000000,clean_derive,snowflake_medium,server_execution_ms,30,409.2,15.616966900535257
1000000,clean_derive,snowflake_medium,server_compilation_ms,30,43.6,15.018609146310958
1000000,clean_derive,snowflake_medium,server_provisioning_queue_ms,30,0.0,0.0
1000000,clean_derive,snowflake_medium,server_overload_queue_ms,30,0.0,0.0
1000000,clean_derive,snowflake_medium,client_execute_roundtrip_ms,30,542.9217567666667,72.71864831083062
1000000,clean_derive,snowflake_small,server_total_ms,30,449.3666666666667,20.15369108545172
1000000,clean_derive,snowflake_small,server_execution_ms,30,412.2,19.088541426549686
1000000,clean_derive,snowflake_small,server_compilation_ms,30,37.166666666666664,7.1152257013821565
1000000,clean_derive,snowflake_small,server_provisioning_queue_ms,30,0.0,0.0
1000000,clean_derive,snowflake_small,server_overload_queue_ms,30,0.0,0.0
1000000,clean_derive,snowflake_small,client_execute_roundtrip_ms,30,531.1849596333334,50.408801809214296
1000000,clean_derive,snowflake_xsmall,server_total_ms,30,451.1333333333333,29.752697163547158
1000000,clean_derive,snowflake_xsmall,server_execution_ms,30,406.53333333333336,13.346143271742779
1000000,clean_derive,snowflake_xsmall,server_compilation_ms,30,44.6,20.843588280663027
1000000,clean_derive,snowflake_xsmall,server_provisioning_queue_ms,30,0.0,0.0
1000000,clean_derive,snowflake_xsmall,server_overload_queue_ms,30,0.0,0.0
1000000,clean_derive,snowflake_xsmall,client_execute_roundtrip_ms,30,545.7566610666667,118.28491636011725
1000000,filter_project,snowflake_large,server_total_ms,30,266.43333333333334,16.502211624680708
1000000,filter_project,snowflake_large,server_execution_ms,30,227.66666666666666,15.270736796201112
1000000,filter_project,snowflake_large,server_compilation_ms,30,38.766666666666666,4.7027749206211205
1000000,filter_project,snowflake_large,server_provisioning_queue_ms,30,0.0,0.0
1000000,filter_project,snowflake_large,server_overload_queue_ms,30,0.0,0.0
1000000,filter_project,snowflake_large,client_execute_roundtrip_ms,30,346.58010133333335,48.970517851447134
1000000,filter_project,snowflake_medium,server_total_ms,30,290.6,48.60864120709403
1000000,filter_project,snowflake_medium,server_execution_ms,30,227.66666666666666,17.149109423611144
1000000,filter_project,snowflake_medium,server_compilation_ms,30,62.93333333333333,37.96634928671599
1000000,filter_project,snowflake_medium,server_provisioning_queue_ms,30,0.0,0.0
1000000,filter_project,snowflake_medium,server_overload_queue_ms,30,0.0,0.0
1000000,filter_project,snowflake_medium,client_execute_roundtrip_ms,30,415.60263606666666,118.40388760022716
1000000,filter_project,snowflake_small,server_total_ms,30,261.9,20.961952396565117
1000000,filter_project,snowflake_small,server_execution_ms,30,227.23333333333332,21.835882100946524
1000000,filter_project,snowflake_small,server_compilation_ms,30,34.666666666666664,4.922386114220548
1000000,filter_project,snowflake_small,server_provisioning_queue_ms,30,0.0,0.0
1000000,filter_project,snowflake_small,server_overload_queue_ms,30,0.0,0.0
1000000,filter_project,snowflake_small,client_execute_roundtrip_ms,30,362.1502346666667,70.61770698127482
1000000,filter_project,snowflake_xsmall,server_total_ms,30,269.53333333333336,23.942075693342613
1000000,filter_project,snowflake_xsmall,server_execution_ms,30,223.53333333333333,15.255826096447793
1000000,filter_project,snowflake_xsmall,server_compilation_ms,30,46.0,14.37190746344865
1000000,filter_project,snowflake_xsmall,server_provisioning_queue_ms,30,0.0,0.0
1000000,filter_project,snowflake_xsmall,server_overload_queue_ms,30,0.0,0.0
1000000,filter_project,snowflake_xsmall,client_execute_roundtrip_ms,30,371.47388466666666,71.9502767599291
1000000,groupby,snowflake_large,server_total_ms,30,73.8,7.508156484324461
1000000,groupby,snowflake_large,server_execution_ms,30,33.53333333333333,2.56949388996641
1000000,groupby,snowflake_large,server_compilation_ms,30,40.266666666666666,6.307813071669645
1000000,groupby,snowflake_large,server_provisioning_queue_ms,30,0.0,0.0
1000000,groupby,snowflake_large,server_overload_queue_ms,30,0.0,0.0
1000000,groupby,snowflake_large,client_execute_roundtrip_ms,30,122.66462366666667,61.390636716524064
1000000,groupby,snowflake_medium,server_total_ms,30,78.36666666666666,22.342912682245277
1000000,groupby,snowflake_medium,server_execution_ms,30,33.766666666666666,3.114851336833704
1000000,groupby,snowflake_medium,server_compilation_ms,30,44.6,20.917901918922347
1000000,groupby,snowflake_medium,server_provisioning_queue_ms,30,0.0,0.0
1000000,groupby,snowflake_medium,server_overload_queue_ms,30,0.0,0.0
1000000,groupby,snowflake_medium,client_execute_roundtrip_ms,30,116.7981541,44.36728345757301
1000000,groupby,snowflake_small,server_total_ms,30,91.13333333333334,66.64301879434176
1000000,groupby,snowflake_small,server_execution_ms,30,34.333333333333336,4.985035076370444
1000000,groupby,snowflake_small,server_compilation_ms,30,56.8,62.57706972344114
1000000,groupby,snowflake_small,server_provisioning_queue_ms,30,0.0,0.0
1000000,groupby,snowflake_small,server_overload_queue_ms,30,0.0,0.0
1000000,groupby,snowflake_small,client_execute_roundtrip_ms,30,139.08667633333334,89.74268220522944
1000000,groupby,snowflake_xsmall,server_total_ms,30,76.8,22.074169645022696
1000000,groupby,snowflake_xsmall,server_execution_ms,30,33.36666666666667,2.65853645676602
1000000,groupby,snowflake_xsmall,server_compilation_ms,30,43.43333333333333,21.30999981121593
1000000,groupby,snowflake_xsmall,server_provisioning_queue_ms,30,0.0,0.0
1000000,groupby,snowflake_xsmall,server_overload_queue_ms,30,0.0,0.0
1000000,groupby,snowflake_xsmall,client_execute_roundtrip_ms,30,135.28815833333334,96.53745137517973
1000000,join_groupby,snowflake_large,server_total_ms,30,153.16666666666666,53.11476405783556
1000000,join_groupby,snowflake_large,server_execution_ms,30,93.6,51.25433539274238
1000000,join_groupby,snowflake_large,server_compilation_ms,30,59.56666666666667,18.945808986710478
1000000,join_groupby,snowflake_large,server_provisioning_queue_ms,30,0.0,0.0
1000000,join_groupby,snowflake_large,server_overload_queue_ms,30,0.0,0.0
1000000,join_groupby,snowflake_large,client_execute_roundtrip_ms,30,241.5601903,148.45693942202863
1000000,join_groupby,snowflake_medium,server_total_ms,30,145.1,22.6188051149389
1000000,join_groupby,snowflake_medium,server_execution_ms,30,89.4,3.222763859880479
1000000,join_groupby,snowflake_medium,server_compilation_ms,30,55.7,20.594860423466553
1000000,join_groupby,snowflake_medium,server_provisioning_queue_ms,30,0.0,0.0
1000000,join_groupby,snowflake_medium,server_overload_queue_ms,30,0.0,0.0
1000000,join_groupby,snowflake_medium,client_execute_roundtrip_ms,30,191.33112616666668,32.716684584200586
1000000,join_groupby,snowflake_small,server_total_ms,30,139.03333333333333,9.546558626499678
1000000,join_groupby,snowflake_small,server_execution_ms,30,86.6,5.1901763972415
1000000,join_groupby,snowflake_small,server_compilation_ms,30,52.43333333333333,9.383343030966182
1000000,join_groupby,snowflake_small,server_provisioning_queue_ms,30,0.0,0.0
1000000,join_groupby,snowflake_small,server_overload_queue_ms,30,0.0,0.0
1000000,join_groupby,snowflake_small,client_execute_roundtrip_ms,30,190.97241383333332,33.86079704371392
1000000,join_groupby,snowflake_xsmall,server_total_ms,30,150.23333333333332,74.86386879246031
1000000,join_groupby,snowflake_xsmall,server_execution_ms,30,74.1,4.670892995917413
1000000,join_groupby,snowflake_xsmall,server_compilation_ms,30,76.13333333333334,71.42767421439788
1000000,join_groupby,snowflake_xsmall,server_provisioning_queue_ms,30,0.0,0.0
1000000,join_groupby,snowflake_xsmall,server_overload_queue_ms,30,0.0,0.0
1000000,join_groupby,snowflake_xsmall,client_execute_roundtrip_ms,30,208.78654446666667,78.98717272587776
10000000,clean_derive,snowflake_large,server_total_ms,30,476.1666666666667,46.1923141340361
10000000,clean_derive,snowflake_large,server_execution_ms,30,429.6,37.60282454541286
10000000,clean_derive,snowflake_large,server_compilation_ms,30,46.56666666666667,22.849859779745323
10000000,clean_derive,snowflake_large,server_provisioning_queue_ms,30,0.0,0.0
10000000,clean_derive,snowflake_large,server_overload_queue_ms,30,0.0,0.0
10000000,clean_derive,snowflake_large,client_execute_roundtrip_ms,30,577.4763986333334,92.50262778176432
10000000,clean_derive,snowflake_medium,server_total_ms,30,506.46666666666664,77.79714263582468
10000000,clean_derive,snowflake_medium,server_execution_ms,30,449.03333333333336,60.38296364746082
10000000,clean_derive,snowflake_medium,server_compilation_ms,30,57.43333333333333,41.1989984255002
10000000,clean_derive,snowflake_medium,server_provisioning_queue_ms,30,0.0,0.0
10000000,clean_derive,snowflake_medium,server_overload_queue_ms,30,0.0,0.0
10000000,clean_derive,snowflake_medium,client_execute_roundtrip_ms,30,610.7911778666667,103.89091588635308
10000000,clean_derive,snowflake_small,server_total_ms,30,516.7,63.332810040185386
10000000,clean_derive,snowflake_small,server_execution_ms,30,472.06666666666666,56.24204669188306
10000000,clean_derive,snowflake_small,server_compilation_ms,30,44.63333333333333,16.340099466487732
10000000,clean_derive,snowflake_small,server_provisioning_queue_ms,30,0.0,0.0
10000000,clean_derive,snowflake_small,server_overload_queue_ms,30,0.0,0.0
10000000,clean_derive,snowflake_small,client_execute_roundtrip_ms,30,633.3778473333333,130.5884987782138
10000000,clean_derive,snowflake_xsmall,server_total_ms,30,636.9333333333333,47.66762317181941
10000000,clean_derive,snowflake_xsmall,server_execution_ms,30,595.4333333333333,42.51789346108078
10000000,clean_derive,snowflake_xsmall,server_compilation_ms,30,41.5,18.117908838761032
10000000,clean_derive,snowflake_xsmall,server_provisioning_queue_ms,30,0.0,0.0
10000000,clean_derive,snowflake_xsmall,server_overload_queue_ms,30,0.0,0.0
10000000,clean_derive,snowflake_xsmall,client_execute_roundtrip_ms,30,731.4559707666666,63.92229671859097
10000000,filter_project,snowflake_large,server_total_ms,30,279.1,39.92091319527683
10000000,filter_project,snowflake_large,server_execution_ms,30,231.83333333333334,25.913760601382176
10000000,filter_project,snowflake_large,server_compilation_ms,30,47.266666666666666,21.829959377808784
10000000,filter_project,snowflake_large,server_provisioning_queue_ms,30,0.0,0.0
10000000,filter_project,snowflake_large,server_overload_queue_ms,30,0.0,0.0
10000000,filter_project,snowflake_large,client_execute_roundtrip_ms,30,382.1092069333333,62.45862263597159
10000000,filter_project,snowflake_medium,server_total_ms,30,321.5,105.2287328009634
10000000,filter_project,snowflake_medium,server_execution_ms,30,262.6333333333333,82.017022343066
10000000,filter_project,snowflake_medium,server_compilation_ms,30,58.86666666666667,57.71376058549244
10000000,filter_project,snowflake_medium,server_provisioning_queue_ms,30,0.0,0.0
10000000,filter_project,snowflake_medium,server_overload_queue_ms,30,0.0,0.0
10000000,filter_project,snowflake_medium,client_execute_roundtrip_ms,30,416.1761765333333,115.48706250411624
10000000,filter_project,snowflake_small,server_total_ms,30,283.53333333333336,23.778769628756475
10000000,filter_project,snowflake_small,server_execution_ms,30,241.23333333333332,19.32781332215551
10000000,filter_project,snowflake_small,server_compilation_ms,30,42.3,10.195164506291443
10000000,filter_project,snowflake_small,server_provisioning_queue_ms,30,0.0,0.0
10000000,filter_project,snowflake_small,server_overload_queue_ms,30,0.0,0.0
10000000,filter_project,snowflake_small,client_execute_roundtrip_ms,30,409.1655611666667,155.9884538314412
10000000,filter_project,snowflake_xsmall,server_total_ms,30,331.8666666666667,117.77703462499585
10000000,filter_project,snowflake_xsmall,server_execution_ms,30,278.53333333333336,115.17744431163995
10000000,filter_project,snowflake_xsmall,server_compilation_ms,30,53.333333333333336,30.835865071579292
10000000,filter_project,snowflake_xsmall,server_provisioning_queue_ms,30,0.0,0.0
10000000,filter_project,snowflake_xsmall,server_overload_queue_ms,30,0.0,0.0
10000000,filter_project,snowflake_xsmall,client_execute_roundtrip_ms,30,425.2771569,122.21114939449264
10000000,groupby,snowflake_large,server_total_ms,30,100.56666666666666,54.178302905749334
10000000,groupby,snowflake_large,server_execution_ms,30,45.333333333333336,4.943357321618113
10000000,groupby,snowflake_large,server_compilation_ms,30,55.233333333333334,51.971930974280745
10000000,groupby,snowflake_large,server_provisioning_queue_ms,30,0.0,0.0
10000000,groupby,snowflake_large,server_overload_queue_ms,30,0.0,0.0
10000000,groupby,snowflake_large,client_execute_roundtrip_ms,30,163.15116103333332,117.03490271160598
10000000,groupby,snowflake_medium,server_total_ms,30,93.23333333333333,13.949869195613006
10000000,groupby,snowflake_medium,server_execution_ms,30,50.6,8.261251470695525
10000000,groupby,snowflake_medium,server_compilation_ms,30,42.63333333333333,9.650739951381729
10000000,groupby,snowflake_medium,server_provisioning_queue_ms,30,0.0,0.0
10000000,groupby,snowflake_medium,server_overload_queue_ms,30,0.0,0.0
10000000,groupby,snowflake_medium,client_execute_roundtrip_ms,30,145.96764586666666,46.35447172312076
10000000,groupby,snowflake_small,server_total_ms,30,96.83333333333333,9.667162095905175
10000000,groupby,snowflake_small,server_execution_ms,30,56.06666666666667,5.125550152697376
10000000,groupby,snowflake_small,server_compilation_ms,30,40.766666666666666,6.734795562180623
10000000,groupby,snowflake_small,server_provisioning_queue_ms,30,0.0,0.0
10000000,groupby,snowflake_small,server_overload_queue_ms,30,0.0,0.0
10000000,groupby,snowflake_small,client_execute_roundtrip_ms,30,132.64326526666667,20.259474467436906
10000000,groupby,snowflake_xsmall,server_total_ms,30,100.3,25.869899963817623
10000000,groupby,snowflake_xsmall,server_execution_ms,30,54.266666666666666,6.9922781711677136
10000000,groupby,snowflake_xsmall,server_compilation_ms,30,46.03333333333333,25.008251511814272
10000000,groupby,snowflake_xsmall,server_provisioning_queue_ms,30,0.0,0.0
10000000,groupby,snowflake_xsmall,server_overload_queue_ms,30,0.0,0.0
10000000,groupby,snowflake_xsmall,client_execute_roundtrip_ms,30,149.53654723333332,42.33176407686054
10000000,join_groupby,snowflake_large,server_total_ms,30,133.76666666666668,12.187283744028907
10000000,join_groupby,snowflake_large,server_execution_ms,30,81.83333333333333,4.835809908512158
10000000,join_groupby,snowflake_large,server_compilation_ms,30,51.93333333333333,11.190924073069006
10000000,join_groupby,snowflake_large,server_provisioning_queue_ms,30,0.0,0.0
10000000,join_groupby,snowflake_large,server_overload_queue_ms,30,0.0,0.0
10000000,join_groupby,snowflake_large,client_execute_roundtrip_ms,30,203.05042503333334,86.72415851364698
10000000,join_groupby,snowflake_medium,server_total_ms,30,160.96666666666667,56.20251763494005
10000000,join_groupby,snowflake_medium,server_execution_ms,30,84.5,8.080414806696242
10000000,join_groupby,snowflake_medium,server_compilation_ms,30,76.46666666666667,52.385002679651805
10000000,join_groupby,snowflake_medium,server_provisioning_queue_ms,30,0.0,0.0
10000000,join_groupby,snowflake_medium,server_overload_queue_ms,30,0.0,0.0
10000000,join_groupby,snowflake_medium,client_execute_roundtrip_ms,30,218.36926396666667,65.87169094397245
10000000,join_groupby,snowflake_small,server_total_ms,30,149.53333333333333,19.64290401546878
10000000,join_groupby,snowflake_small,server_execution_ms,30,95.3,7.571042838022541
10000000,join_groupby,snowflake_small,server_compilation_ms,30,54.233333333333334,14.866493994152115
10000000,join_groupby,snowflake_small,server_provisioning_queue_ms,30,0.0,0.0
10000000,join_groupby,snowflake_small,server_overload_queue_ms,30,0.0,0.0
10000000,join_groupby,snowflake_small,client_execute_roundtrip_ms,30,216.70885966666665,79.4424369524862
10000000,join_groupby,snowflake_xsmall,server_total_ms,30,147.66666666666666,16.735947957106838
10000000,join_groupby,snowflake_xsmall,server_execution_ms,30,98.66666666666667,8.490698088083718
10000000,join_groupby,snowflake_xsmall,server_compilation_ms,30,49.0,15.30156629350351
10000000,join_groupby,snowflake_xsmall,server_provisioning_queue_ms,30,0.0,0.0
10000000,join_groupby,snowflake_xsmall,server_overload_queue_ms,30,0.0,0.0
10000000,join_groupby,snowflake_xsmall,client_execute_roundtrip_ms,30,208.77159163333334,48.10487534215956
100000000,clean_derive,snowflake_large,server_total_ms,30,1455.8666666666666,112.88863396357013
100000000,clean_derive,snowflake_large,server_execution_ms,30,1406.7666666666667,100.13703828644829
100000000,clean_derive,snowflake_large,server_compilation_ms,30,49.1,33.81628866848556
100000000,clean_derive,snowflake_large,server_provisioning_queue_ms,30,0.0,0.0
100000000,clean_derive,snowflake_large,server_overload_queue_ms,30,0.0,0.0
100000000,clean_derive,snowflake_large,client_execute_roundtrip_ms,30,1590.6094611333333,160.6584751775736
100000000,clean_derive,snowflake_medium,server_total_ms,30,1473.2666666666667,88.74058797429161
100000000,clean_derive,snowflake_medium,server_execution_ms,30,1416.6666666666667,66.3279903121644
100000000,clean_derive,snowflake_medium,server_compilation_ms,30,56.6,34.64260880516342
100000000,clean_derive,snowflake_medium,server_provisioning_queue_ms,30,0.0,0.0
100000000,clean_derive,snowflake_medium,server_overload_queue_ms,30,0.0,0.0
100000000,clean_derive,snowflake_medium,client_execute_roundtrip_ms,30,1616.7832790666666,128.7168971318904
100000000,clean_derive,snowflake_small,server_total_ms,30,2707.5,48.847934343789525
100000000,clean_derive,snowflake_small,server_execution_ms,30,2660.4333333333334,46.06717982980144
100000000,clean_derive,snowflake_small,server_compilation_ms,30,47.06666666666667,13.315620418382194
100000000,clean_derive,snowflake_small,server_provisioning_queue_ms,30,0.0,0.0
100000000,clean_derive,snowflake_small,server_overload_queue_ms,30,0.0,0.0
100000000,clean_derive,snowflake_small,client_execute_roundtrip_ms,30,2837.5710609666667,91.98124721430105
100000000,clean_derive,snowflake_xsmall,server_total_ms,30,4292.933333333333,165.73991535001423
100000000,clean_derive,snowflake_xsmall,server_execution_ms,30,4227.633333333333,160.2133240258197
100000000,clean_derive,snowflake_xsmall,server_compilation_ms,30,65.3,36.422946537625954
100000000,clean_derive,snowflake_xsmall,server_provisioning_queue_ms,30,0.0,0.0
100000000,clean_derive,snowflake_xsmall,server_overload_queue_ms,30,0.0,0.0
100000000,clean_derive,snowflake_xsmall,client_execute_roundtrip_ms,30,4450.463943066667,209.1164105255338
100000000,filter_project,snowflake_large,server_total_ms,30,505.6666666666667,65.50089935330624
100000000,filter_project,snowflake_large,server_execution_ms,30,465.1666666666667,65.04008489906944
100000000,filter_project,snowflake_large,server_compilation_ms,30,40.5,5.911706679299047
100000000,filter_project,snowflake_large,server_provisioning_queue_ms,30,0.0,0.0
100000000,filter_project,snowflake_large,server_overload_queue_ms,30,0.0,0.0
100000000,filter_project,snowflake_large,client_execute_roundtrip_ms,30,617.2178096333333,85.99420737790577
100000000,filter_project,snowflake_medium,server_total_ms,30,508.3333333333333,31.48325590371572
100000000,filter_project,snowflake_medium,server_execution_ms,30,462.5,28.614862306633352
100000000,filter_project,snowflake_medium,server_compilation_ms,30,45.833333333333336,17.404088567074538
100000000,filter_project,snowflake_medium,server_provisioning_queue_ms,30,0.0,0.0
100000000,filter_project,snowflake_medium,server_overload_queue_ms,30,0.0,0.0
100000000,filter_project,snowflake_medium,client_execute_roundtrip_ms,30,642.1424653666667,98.6724525897362
100000000,filter_project,snowflake_small,server_total_ms,30,718.7,47.885027535430794
100000000,filter_project,snowflake_small,server_execution_ms,30,675.1666666666666,45.27851232274443
100000000,filter_project,snowflake_small,server_compilation_ms,30,43.53333333333333,12.571816683067077
100000000,filter_project,snowflake_small,server_provisioning_queue_ms,30,0.0,0.0
100000000,filter_project,snowflake_small,server_overload_queue_ms,30,0.0,0.0
100000000,filter_project,snowflake_small,client_execute_roundtrip_ms,30,838.9536472666666,61.798308440550535
100000000,filter_project,snowflake_xsmall,server_total_ms,30,994.0666666666667,40.46959977250982
100000000,filter_project,snowflake_xsmall,server_execution_ms,30,948.9333333333333,32.87482354307785
100000000,filter_project,snowflake_xsmall,server_compilation_ms,30,45.13333333333333,17.866812488682672
100000000,filter_project,snowflake_xsmall,server_provisioning_queue_ms,30,0.0,0.0
100000000,filter_project,snowflake_xsmall,server_overload_queue_ms,30,0.0,0.0
100000000,filter_project,snowflake_xsmall,client_execute_roundtrip_ms,30,1094.1072292666668,56.48028736473727
100000000,groupby,snowflake_large,server_total_ms,30,233.36666666666667,229.514853149185
100000000,groupby,snowflake_large,server_execution_ms,30,157.33333333333334,179.030402606572
100000000,groupby,snowflake_large,server_compilation_ms,30,76.03333333333333,150.92621703503255
100000000,groupby,snowflake_large,server_provisioning_queue_ms,30,0.0,0.0
100000000,groupby,snowflake_large,server_overload_queue_ms,30,0.0,0.0
100000000,groupby,snowflake_large,client_execute_roundtrip_ms,30,287.9825944,256.24584932834404
100000000,groupby,snowflake_medium,server_total_ms,30,179.63333333333333,41.535596145071
100000000,groupby,snowflake_medium,server_execution_ms,30,125.1,12.510271641803952
100000000,groupby,snowflake_medium,server_compilation_ms,30,54.53333333333333,35.80573382452374
100000000,groupby,snowflake_medium,server_provisioning_queue_ms,30,0.0,0.0
100000000,groupby,snowflake_medium,server_overload_queue_ms,30,0.0,0.0
100000000,groupby,snowflake_medium,client_execute_roundtrip_ms,30,230.8149221,52.414101982051406
100000000,groupby,snowflake_small,server_total_ms,30,237.13333333333333,12.748856157841509
100000000,groupby,snowflake_small,server_execution_ms,30,195.63333333333333,10.927609238903125
100000000,groupby,snowflake_small,server_compilation_ms,30,41.5,5.4882319243243005
100000000,groupby,snowflake_small,server_provisioning_queue_ms,30,0.0,0.0
100000000,groupby,snowflake_small,server_overload_queue_ms,30,0.0,0.0
100000000,groupby,snowflake_small,client_execute_roundtrip_ms,30,295.7196277333333,52.987558029726394
100000000,groupby,snowflake_xsmall,server_total_ms,30,337.76666666666665,26.283183732691835
100000000,groupby,snowflake_xsmall,server_execution_ms,30,296.4,20.016544880810905
100000000,groupby,snowflake_xsmall,server_compilation_ms,30,41.36666666666667,14.86371033953068
100000000,groupby,snowflake_xsmall,server_provisioning_queue_ms,30,0.0,0.0
100000000,groupby,snowflake_xsmall,server_overload_queue_ms,30,0.0,0.0
100000000,groupby,snowflake_xsmall,client_execute_roundtrip_ms,30,432.7781612333333,95.24961073584824
100000000,join_groupby,snowflake_large,server_total_ms,30,288.1666666666667,60.99467660962425
100000000,join_groupby,snowflake_large,server_execution_ms,30,218.7,14.916202715445907
100000000,join_groupby,snowflake_large,server_compilation_ms,30,69.46666666666667,52.93505020522683
100000000,join_groupby,snowflake_large,server_provisioning_queue_ms,30,0.0,0.0
100000000,join_groupby,snowflake_large,server_overload_queue_ms,30,0.0,0.0
100000000,join_groupby,snowflake_large,client_execute_roundtrip_ms,30,358.527361,79.28700358988866
100000000,join_groupby,snowflake_medium,server_total_ms,30,330.73333333333335,99.64936227743182
100000000,join_groupby,snowflake_medium,server_execution_ms,30,237.56666666666666,13.687858534641853
100000000,join_groupby,snowflake_medium,server_compilation_ms,30,93.16666666666667,95.96841554182916
100000000,join_groupby,snowflake_medium,server_provisioning_queue_ms,30,0.0,0.0
100000000,join_groupby,snowflake_medium,server_overload_queue_ms,30,0.0,0.0
100000000,join_groupby,snowflake_medium,client_execute_roundtrip_ms,30,417.51593056666667,114.5185636684538
100000000,join_groupby,snowflake_small,server_total_ms,30,478.1,43.34492771502439
100000000,join_groupby,snowflake_small,server_execution_ms,30,420.8666666666667,43.81759474452474
100000000,join_groupby,snowflake_small,server_compilation_ms,30,57.233333333333334,9.550892116963999
100000000,join_groupby,snowflake_small,server_provisioning_queue_ms,30,0.0,0.0
100000000,join_groupby,snowflake_small,server_overload_queue_ms,30,0.0,0.0
100000000,join_groupby,snowflake_small,client_execute_roundtrip_ms,30,527.7710957,48.295111997816285
100000000,join_groupby,snowflake_xsmall,server_total_ms,30,719.2,53.67038610656333
100000000,join_groupby,snowflake_xsmall,server_execution_ms,30,649.9,28.210232919621745
100000000,join_groupby,snowflake_xsmall,server_compilation_ms,30,69.3,49.60266260928978
100000000,join_groupby,snowflake_xsmall,server_provisioning_queue_ms,30,0.0,0.0
100000000,join_groupby,snowflake_xsmall,server_overload_queue_ms,30,0.0,0.0
100000000,join_groupby,snowflake_xsmall,client_execute_roundtrip_ms,30,800.2161611,96.4244187323439
1000000000,clean_derive,snowflake_large,server_total_ms,30,5326.966666666666,156.75865115726046
1000000000,clean_derive,snowflake_large,server_execution_ms,30,5266.766666666666,148.0602587796099
1000000000,clean_derive,snowflake_large,server_compilation_ms,30,60.2,37.412334311302864
1000000000,clean_derive,snowflake_large,server_provisioning_queue_ms,30,0.0,0.0
1000000000,clean_derive,snowflake_large,server_overload_queue_ms,30,0.0,0.0
1000000000,clean_derive,snowflake_large,client_execute_roundtrip_ms,30,5524.523616466667,226.19061273968327
1000000000,clean_derive,snowflake_medium,server_total_ms,30,10015.933333333332,146.97711136217032
1000000000,clean_derive,snowflake_medium,server_execution_ms,30,9921.166666666666,121.400756497482
1000000000,clean_derive,snowflake_medium,server_compilation_ms,30,94.76666666666667,85.2690198555515
1000000000,clean_derive,snowflake_medium,server_provisioning_queue_ms,30,0.0,0.0
1000000000,clean_derive,snowflake_medium,server_overload_queue_ms,30,0.0,0.0
1000000000,clean_derive,snowflake_medium,client_execute_roundtrip_ms,30,10165.8490028,157.00184453580638
1000000000,clean_derive,snowflake_small,server_total_ms,30,18015.4,211.3474994345601
1000000000,clean_derive,snowflake_small,server_execution_ms,30,17947.933333333334,208.85383988996134
1000000000,clean_derive,snowflake_small,server_compilation_ms,30,67.46666666666667,24.848136450395454
1000000000,clean_derive,snowflake_small,server_provisioning_queue_ms,30,0.0,0.0
1000000000,clean_derive,snowflake_small,server_overload_queue_ms,30,0.0,0.0
1000000000,clean_derive,snowflake_small,client_execute_roundtrip_ms,30,18148.694150033334,220.27369256045986
1000000000,clean_derive,snowflake_xsmall,server_total_ms,30,34392.433333333334,229.36248728750883
1000000000,clean_derive,snowflake_xsmall,server_execution_ms,30,34310.0,227.14449297672874
1000000000,clean_derive,snowflake_xsmall,server_compilation_ms,30,82.43333333333334,43.10587073652524
1000000000,clean_derive,snowflake_xsmall,server_provisioning_queue_ms,30,0.0,0.0
1000000000,clean_derive,snowflake_xsmall,server_overload_queue_ms,30,0.0,0.0
1000000000,clean_derive,snowflake_xsmall,client_execute_roundtrip_ms,30,34539.71645686666,223.50295345498955
1000000000,filter_project,snowflake_large,server_total_ms,30,1275.2,100.93780946360162
1000000000,filter_project,snowflake_large,server_execution_ms,30,1212.0,50.46542004867943
1000000000,filter_project,snowflake_large,server_compilation_ms,30,63.2,72.88602344615258
1000000000,filter_project,snowflake_large,server_provisioning_queue_ms,30,0.0,0.0
1000000000,filter_project,snowflake_large,server_overload_queue_ms,30,0.0,0.0
1000000000,filter_project,snowflake_large,client_execute_roundtrip_ms,30,1429.3085833666667,140.6109297200913
1000000000,filter_project,snowflake_medium,server_total_ms,30,2164.5333333333333,133.1415459740791
1000000000,filter_project,snowflake_medium,server_execution_ms,30,2100.366666666667,126.18062678047151
1000000000,filter_project,snowflake_medium,server_compilation_ms,30,64.16666666666667,38.33075953378411
1000000000,filter_project,snowflake_medium,server_provisioning_queue_ms,30,0.0,0.0
1000000000,filter_project,snowflake_medium,server_overload_queue_ms,30,0.0,0.0
1000000000,filter_project,snowflake_medium,client_execute_roundtrip_ms,30,2312.1371319333334,161.9741162441199
1000000000,filter_project,snowflake_small,server_total_ms,30,3646.9,148.17262765506624
1000000000,filter_project,snowflake_small,server_execution_ms,30,3596.633333333333,145.55541268162975
1000000000,filter_project,snowflake_small,server_compilation_ms,30,50.266666666666666,13.104180257837003
1000000000,filter_project,snowflake_small,server_provisioning_queue_ms,30,0.0,0.0
1000000000,filter_project,snowflake_small,server_overload_queue_ms,30,0.0,0.0
1000000000,filter_project,snowflake_small,client_execute_roundtrip_ms,30,3753.9879459,150.2045766455142
1000000000,filter_project,snowflake_xsmall,server_total_ms,30,6521.466666666666,79.32027324162743
1000000000,filter_project,snowflake_xsmall,server_execution_ms,30,6456.2,73.91719505052887
1000000000,filter_project,snowflake_xsmall,server_compilation_ms,30,65.26666666666667,26.303183671646437
1000000000,filter_project,snowflake_xsmall,server_provisioning_queue_ms,30,0.0,0.0
1000000000,filter_project,snowflake_xsmall,server_overload_queue_ms,30,0.0,0.0
1000000000,filter_project,snowflake_xsmall,client_execute_roundtrip_ms,30,6647.7798611,111.94682994771532
1000000000,groupby,snowflake_large,server_total_ms,30,433.1,18.5497467219441
1000000000,groupby,snowflake_large,server_execution_ms,30,393.4,18.46450462467062
1000000000,groupby,snowflake_large,server_compilation_ms,30,39.7,6.497479617460169
1000000000,groupby,snowflake_large,server_provisioning_queue_ms,30,0.0,0.0
1000000000,groupby,snowflake_large,server_overload_queue_ms,30,0.0,0.0
1000000000,groupby,snowflake_large,client_execute_roundtrip_ms,30,498.8350945,44.25386031701631
1000000000,groupby,snowflake_medium,server_total_ms,30,727.9,40.4136798280159
1000000000,groupby,snowflake_medium,server_execution_ms,30,677.0666666666667,33.49311131780872
1000000000,groupby,snowflake_medium,server_compilation_ms,30,50.833333333333336,22.108015917673207
1000000000,groupby,snowflake_medium,server_provisioning_queue_ms,30,0.0,0.0
1000000000,groupby,snowflake_medium,server_overload_queue_ms,30,0.0,0.0
1000000000,groupby,snowflake_medium,client_execute_roundtrip_ms,30,787.2734417333334,67.50544449795433
1000000000,groupby,snowflake_small,server_total_ms,30,1227.7333333333333,68.71276212000882
1000000000,groupby,snowflake_small,server_execution_ms,30,1179.6666666666667,67.91339989322778
1000000000,groupby,snowflake_small,server_compilation_ms,30,48.06666666666667,17.976868917916548
1000000000,groupby,snowflake_small,server_provisioning_queue_ms,30,0.0,0.0
1000000000,groupby,snowflake_small,server_overload_queue_ms,30,0.0,0.0
1000000000,groupby,snowflake_small,client_execute_roundtrip_ms,30,1330.0508875,112.24408605791422
1000000000,groupby,snowflake_xsmall,server_total_ms,30,2268.0333333333333,101.99069711915187
1000000000,groupby,snowflake_xsmall,server_execution_ms,30,2211.1666666666665,94.95846036769078
1000000000,groupby,snowflake_xsmall,server_compilation_ms,30,56.86666666666667,34.17070063093813
1000000000,groupby,snowflake_xsmall,server_provisioning_queue_ms,30,0.0,0.0
1000000000,groupby,snowflake_xsmall,server_overload_queue_ms,30,0.0,0.0
1000000000,groupby,snowflake_xsmall,client_execute_roundtrip_ms,30,2328.4605959,123.181482082547
1000000000,join_groupby,snowflake_large,server_total_ms,30,945.8,45.23151174980131
1000000000,join_groupby,snowflake_large,server_execution_ms,30,881.8666666666667,36.2764608140789
1000000000,join_groupby,snowflake_large,server_compilation_ms,30,63.93333333333333,20.1339194555774
1000000000,join_groupby,snowflake_large,server_provisioning_queue_ms,30,0.0,0.0
1000000000,join_groupby,snowflake_large,server_overload_queue_ms,30,0.0,0.0
1000000000,join_groupby,snowflake_large,client_execute_roundtrip_ms,30,1038.8860764333333,61.38707911203468
1000000000,join_groupby,snowflake_medium,server_total_ms,30,1624.6666666666667,103.45658204201457
1000000000,join_groupby,snowflake_medium,server_execution_ms,30,1545.8333333333333,93.11879077502188
1000000000,join_groupby,snowflake_medium,server_compilation_ms,30,78.83333333333333,43.02371706262788
1000000000,join_groupby,snowflake_medium,server_provisioning_queue_ms,30,0.0,0.0
1000000000,join_groupby,snowflake_medium,server_overload_queue_ms,30,0.0,0.0
1000000000,join_groupby,snowflake_medium,client_execute_roundtrip_ms,30,1706.5448624,132.01435470683103
1000000000,join_groupby,snowflake_small,server_total_ms,30,2838.5333333333333,109.6419669631124
1000000000,join_groupby,snowflake_small,server_execution_ms,30,2761.9,93.26504685849486
1000000000,join_groupby,snowflake_small,server_compilation_ms,30,76.63333333333334,31.50093959554697
1000000000,join_groupby,snowflake_small,server_provisioning_queue_ms,30,0.0,0.0
1000000000,join_groupby,snowflake_small,server_overload_queue_ms,30,0.0,0.0
1000000000,join_groupby,snowflake_small,client_execute_roundtrip_ms,30,2932.066826333333,132.82968596965108
1000000000,join_groupby,snowflake_xsmall,server_total_ms,30,5283.033333333334,259.38115786901574
1000000000,join_groupby,snowflake_xsmall,server_execution_ms,30,5134.9,117.64744234217407
1000000000,join_groupby,snowflake_xsmall,server_compilation_ms,30,148.13333333333333,237.2834378650509
1000000000,join_groupby,snowflake_xsmall,server_provisioning_queue_ms,30,0.0,0.0
1000000000,join_groupby,snowflake_xsmall,server_overload_queue_ms,30,0.0,0.0
1000000000,join_groupby,snowflake_xsmall,client_execute_roundtrip_ms,30,5366.532637566666,295.1669857228699
