rows,workload,engine,mode,runs,mean_ms,stddev_ms,p50_ms,p95_ms,profile,source,input_path
1000000000,small,clickhouse,sql,30,66.46247513338797,69.13647465749557,53.504875000044194,56.73579199992673,optimized,historical,preloaded SQL tables
1000000000,medium,clickhouse,sql,30,59.616030433335254,6.964707910974248,57.105749499896774,72.04191699975127,optimized,historical,preloaded SQL tables
1000000000,large,clickhouse,sql,30,548.7481252665779,43.54510494222186,531.7707089998294,652.2259999997004,optimized,historical,preloaded SQL tables
1000000000,join,clickhouse,sql,30,5204.128446766647,215.36353723276375,5153.994002499758,5460.546626999985,optimized,historical,preloaded SQL tables
1000000000,small,duckdb,sql,30,25.23894036736844,94.70467597982369,7.622771001479123,10.2527499984717,optimized,historical,preloaded SQL tables
1000000000,medium,duckdb,sql,30,84.51453339948785,49.28047469605195,73.88679149880772,85.83100000396371,optimized,historical,preloaded SQL tables
1000000000,large,duckdb,sql,30,849.328889232614,401.4072032830567,769.233812497987,979.6820839983411,optimized,historical,preloaded SQL tables
1000000000,join,duckdb,sql,30,1151.177733966809,322.3270906403239,1082.352459001413,1417.4369589964044,optimized,historical,preloaded SQL tables
1000000000,small,postgres,sql,30,0.18659593333723024,0.7827044312110234,0.03347949950693874,0.15279099898179993,optimized,historical,preloaded SQL tables
1000000000,medium,postgres,sql,30,141338.2328630334,3253.329369962857,140708.7368149996,146254.39027500033,optimized,historical,preloaded SQL tables
1000000000,large,postgres,sql,30,231867.79077356722,25580.35626691621,224196.54141550016,306007.37518199824,optimized,historical,preloaded SQL tables
1000000000,join,postgres,sql,30,388852.19441876654,34437.037678668865,380646.6195700014,500961.2372289994,optimized,historical,preloaded SQL tables
1000000000,small,sqlite,sql,30,0.05119306661072187,0.2561130523154988,0.004083499788976042,0.010083999768539798,optimized,historical,preloaded SQL tables
1000000000,medium,sqlite,sql,30,75369.33663566667,36612.20568515371,69766.30765599976,72209.73324100033,optimized,historical,preloaded SQL tables
1000000000,large,sqlite,sql,30,394733.00089520006,5071.916493787451,393562.7304919999,402256.94647399994,optimized,historical,preloaded SQL tables
1000000000,small,doris,sql,30,11.862451366702468,4.27318122637566,10.771062499998152,17.70112500025789,optimized,new,preloaded SQL tables
1000000000,medium,doris,sql,30,411.26666960003604,108.46985336893042,378.8845835001666,641.503708000073,optimized,new,preloaded SQL tables
1000000000,large,doris,sql,30,5740.345773466683,985.1520148575332,5466.813190500034,7199.53129500027,optimized,new,preloaded SQL tables
1000000000,join,doris,sql,30,8267.184181633336,1369.2934933934023,8008.231524499934,10243.580880000081,optimized,new,preloaded SQL tables
